Timestamp,Estado_Facial,Sentimiento_Texto,Congruencia,Texto
20:48:56,NEUTRAL,NEUTRAL,COHERENTE,
20:48:56,NEUTRAL,NEUTRAL,COHERENTE,
20:48:57,NEUTRAL,NEUTRAL,COHERENTE,
20:48:57,NEUTRAL,NEUTRAL,COHERENTE,
20:48:57,NEUTRAL,NEUTRAL,COHERENTE,
20:48:57,NEUTRAL,NEUTRAL,COHERENTE,
20:48:57,NEUTRAL,NEUTRAL,COHERENTE,
20:48:57,NEUTRAL,NEUTRAL,COHERENTE,
20:48:57,NEUTRAL,NEUTRAL,COHERENTE,
20:48:57,NEUTRAL,NEUTRAL,COHERENTE,
20:48:57,NEUTRAL,NEUTRAL,COHERENTE,
20:48:57,NEUTRAL,NEUTRAL,COHERENTE,
20:48:57,NEUTRAL,NEUTRAL,COHERENTE,
20:48:57,NEUTRAL,NEUTRAL,COHERENTE,
20:48:57,NEUTRAL,NEUTRAL,COHERENTE,
20:48:58,NEUTRAL,NEUTRAL,COHERENTE,
20:48:58,NEUTRAL,NEUTRAL,COHERENTE,
20:48:58,NEUTRAL,NEUTRAL,COHERENTE,
20:48:58,NEUTRAL,NEUTRAL,COHERENTE,
20:48:58,NEUTRAL,NEUTRAL,COHERENTE,
20:48:58,NEUTRAL,NEUTRAL,COHERENTE,
20:48:58,NEUTRAL,NEUTRAL,COHERENTE,
20:48:58,NEUTRAL,NEUTRAL,COHERENTE,
20:48:58,NEUTRAL,NEUTRAL,COHERENTE,
20:48:58,NEUTRAL,NEUTRAL,COHERENTE,
20:48:58,NEUTRAL,NEUTRAL,COHERENTE,
20:48:58,NEUTRAL,NEUTRAL,COHERENTE,
20:48:58,NEUTRAL,NEUTRAL,COHERENTE,
20:48:58,NEUTRAL,NEUTRAL,COHERENTE,
20:48:58,NEUTRAL,NEUTRAL,COHERENTE,y
20:48:59,NEUTRAL,NEUTRAL,COHERENTE,y
20:48:59,NEUTRAL,NEUTRAL,COHERENTE,y
20:48:59,NEUTRAL,NEUTRAL,COHERENTE,y
20:48:59,NEUTRAL,NEUTRAL,COHERENTE,y
20:48:59,NEUTRAL,NEUTRAL,COHERENTE,y
20:48:59,NEUTRAL,NEUTRAL,COHERENTE,y aquí tengo
20:48:59,NEUTRAL,NEUTRAL,COHERENTE,y aquí tengo
20:48:59,NEUTRAL,NEUTRAL,COHERENTE,y aquí tengo una
20:48:59,NEUTRAL,NEUTRAL,COHERENTE,y aquí tengo una
20:48:59,NEUTRAL,NEUTRAL,COHERENTE,y aquí tengo una
20:48:59,NEUTRAL,NEUTRAL,COHERENTE,y aquí tengo una
20:48:59,NEUTRAL,NEUTRAL,COHERENTE,y aquí tengo una
20:48:59,MANOS ARRIBA,NEUTRAL,COHERENTE,y aquí tengo una
20:48:59,MANOS ARRIBA,NEUTRAL,COHERENTE,y aquí tengo una
20:48:59,MANOS ARRIBA,NEUTRAL,COHERENTE,y aquí tengo una
20:49:00,MANOS ARRIBA,NEUTRAL,COHERENTE,y aquí tengo una
20:49:00,MANOS ARRIBA,NEUTRAL,COHERENTE,y aquí tengo una
20:49:00,MANOS ARRIBA,NEUTRAL,COHERENTE,y aquí tengo una
20:49:00,MANOS ARRIBA,NEUTRAL,COHERENTE,y aquí tengo una transcripción del
20:49:00,MANOS ARRIBA,NEUTRAL,COHERENTE,y aquí tengo una transcripción del
20:49:00,MANOS ARRIBA,NEUTRAL,COHERENTE,y aquí tengo una transcripción del
20:49:00,MANOS ARRIBA,NEUTRAL,COHERENTE,y aquí tengo una transcripción del
20:49:00,MANOS ARRIBA,NEUTRAL,COHERENTE,y aquí tengo una transcripción del tiempo
20:49:00,MANOS ARRIBA,NEUTRAL,COHERENTE,y aquí tengo una transcripción del tiempo
20:49:00,MANOS ARRIBA,NEUTRAL,COHERENTE,y aquí tengo una transcripción del tiempo
20:49:00,MANOS ARRIBA,NEUTRAL,COHERENTE,y aquí tengo una transcripción del tiempo
20:49:00,MANOS ARRIBA,NEUTRAL,COHERENTE,y aquí tengo una transcripción en tiempo real
20:49:00,MANOS ARRIBA,NEUTRAL,COHERENTE,y aquí tengo una transcripción en tiempo real
20:49:00,MANOS ARRIBA,NEUTRAL,COHERENTE,y aquí tengo una transcripción en tiempo real
20:49:01,MANOS ARRIBA,NEUTRAL,COHERENTE,y aquí tengo una transcripción en tiempo real
20:49:01,MANOS ARRIBA,NEUTRAL,COHERENTE,y aquí tengo una transcripción en tiempo real
20:49:01,MANOS ARRIBA,NEUTRAL,COHERENTE,y aquí tengo una transcripción en tiempo real
20:49:01,MANOS ARRIBA,NEUTRAL,COHERENTE,y aquí tengo una transcripción en tiempo real
20:49:01,MANOS ARRIBA,NEUTRAL,COHERENTE,y aquí tengo una transcripción en tiempo real en dos sesiones
20:49:01,MANOS ARRIBA,NEUTRAL,COHERENTE,y aquí tengo una transcripción en tiempo real en dos sesiones
20:49:01,MANOS ARRIBA,NEUTRAL,COHERENTE,y aquí tengo una transcripción en tiempo real en dos sesiones
20:49:01,MANOS ARRIBA,NEUTRAL,COHERENTE,y aquí tengo una transcripción en tiempo real en dos sesiones
20:49:01,MANOS ARRIBA,NEUTRAL,COHERENTE,y aquí tengo una transcripción en tiempo real en doce siguió hablando
20:49:01,MANOS ARRIBA,NEUTRAL,COHERENTE,y aquí tengo una transcripción en tiempo real en doce siguió hablando
20:49:01,MANOS ARRIBA,NEUTRAL,COHERENTE,y aquí tengo una transcripción en tiempo real en doce siguió hablando
20:49:01,MANOS ARRIBA,NEUTRAL,COHERENTE,y aquí tengo una transcripción en tiempo real en doce siguió hablando
20:49:01,MANOS ARRIBA,NEUTRAL,COHERENTE,y aquí tengo una transcripción en tiempo real en doce siguió habló
20:49:02,MANOS ARRIBA,NEUTRAL,COHERENTE,y aquí tengo una transcripción en tiempo real en doce siguió ahora empieza
20:49:02,MANOS ARRIBA,NEUTRAL,COHERENTE,y aquí tengo una transcripción en tiempo real en doce siguió ahora empieza
20:49:02,MANOS ARRIBA,NEUTRAL,COHERENTE,y aquí tengo una transcripción en tiempo real en doce siguió ahora empieza
20:49:02,MANOS ARRIBA,NEUTRAL,COHERENTE,y aquí tengo una transcripción en tiempo real en doce siguió ahora empieza
20:49:02,MANOS ARRIBA,NEUTRAL,COHERENTE,y aquí tengo una transcripción en tiempo real en doce siguió ahora empieza
20:49:02,MANOS ARRIBA,NEUTRAL,COHERENTE,y aquí tengo una transcripción en tiempo real en doce siguió ahora empieza transcribir
20:49:02,MANOS ARRIBA,NEUTRAL,COHERENTE,y aquí tengo una transcripción en tiempo real en doce siguió ahora empieza transcribir
20:49:02,MANOS ARRIBA,NEUTRAL,COHERENTE,y aquí tengo una transcripción en tiempo real en doce siguió ahora empieza transcribir
20:49:02,MANOS ARRIBA,NEUTRAL,COHERENTE,y aquí tengo una transcripción en tiempo real en doce siguió ahora empieza transcribir
20:49:02,MANOS ARRIBA,NEUTRAL,COHERENTE,y aquí tengo una transcripción en tiempo real en doce siguió ahora empieza transcribir
20:49:02,MANOS ARRIBA,NEUTRAL,COHERENTE,y aquí tengo una transcripción en tiempo real en doce siguió ahora empieza transcribir para
20:49:02,MANOS ARRIBA,NEUTRAL,COHERENTE,y aquí tengo una transcripción en tiempo real en doce siguió ahora empieza transcribir para
20:49:03,MANOS ARRIBA,NEUTRAL,COHERENTE,y aquí tengo una transcripción en tiempo real en doce siguió ahora empieza transcribir para
20:49:03,MANOS ARRIBA,NEUTRAL,COHERENTE,y aquí tengo una transcripción en tiempo real en doce siguió ahora empieza transcribir para nuestra rutina
20:49:03,MANOS ARRIBA,NEUTRAL,COHERENTE,y aquí tengo una transcripción en tiempo real en doce siguió ahora empieza transcribir para nuestra rutina
20:49:03,MANOS ARRIBA,NEUTRAL,COHERENTE,y aquí tengo una transcripción en tiempo real en doce siguió ahora empieza transcribir para nuestra rutina
20:49:03,MANOS ARRIBA,NEUTRAL,COHERENTE,y aquí tengo una transcripción en tiempo real en doce siguió ahora empieza transcribir para nuestra rutina
20:49:03,MANOS ARRIBA,NEUTRAL,COHERENTE,y aquí tengo una transcripción en tiempo real en doce siguió ahora empieza transcribir para nuestra
20:49:03,MANOS ARRIBA,NEUTRAL,COHERENTE,y aquí tengo una transcripción en tiempo real en doce siguió ahora empieza transcribir para nuestra
20:49:03,MANOS ARRIBA,NEUTRAL,COHERENTE,y aquí tengo una transcripción en tiempo real en doce siguió ahora empieza transcribir para nuestra
20:49:03,MANOS ARRIBA,NEUTRAL,COHERENTE,y aquí tengo una transcripción en tiempo real en doce siguió ahora empieza transcribir para nuestra
20:49:03,MANOS ARRIBA,NEUTRAL,COHERENTE,y aquí tengo una transcripción en tiempo real en doce siguió ahora empieza transcribir para nuestra
20:49:03,MANOS ARRIBA,NEUTRAL,COHERENTE,y aquí tengo una transcripción en tiempo real en doce siguió ahora empieza transcribir para nuestra
20:49:03,MANOS ARRIBA,NEUTRAL,COHERENTE,y aquí tengo una transcripción en tiempo real en doce siguió ahora empieza transcribir para nuestra
20:49:03,MANOS ARRIBA,NEUTRAL,COHERENTE,y aquí tengo una transcripción en tiempo real en doce siguió ahora empieza transcribir para nuestra utilizan
20:49:03,MANOS ARRIBA,NEUTRAL,COHERENTE,y aquí tengo una transcripción en tiempo real en doce siguió ahora empieza transcribir para nuestra utilizan
20:49:03,MANOS ARRIBA,NEUTRAL,COHERENTE,y aquí tengo una transcripción en tiempo real en doce siguió ahora empieza transcribir para nuestra utilizan
20:49:04,MANOS ARRIBA,NEUTRAL,COHERENTE,y aquí tengo una transcripción en tiempo real en doce siguió ahora empieza transcribir para nuestra utilizan
20:49:04,MANOS ARRIBA,NEUTRAL,COHERENTE,y aquí tengo una transcripción en tiempo real en doce siguió ahora empieza transcribir para nuestra utilizan
20:49:04,MANOS ARRIBA,NEUTRAL,COHERENTE,y aquí tengo una transcripción en tiempo real en doce siguió ahora empieza transcribir para nuestra utilizando la api si quería
20:49:04,MANOS ARRIBA,NEUTRAL,COHERENTE,y aquí tengo una transcripción en tiempo real en doce siguió ahora empieza transcribir para nuestra utilizando la api si quería
20:49:04,MANOS ARRIBA,NEUTRAL,COHERENTE,y aquí tengo una transcripción en tiempo real en doce siguió ahora empieza transcribir para nuestra utilizando la api si quería
20:49:04,MANOS ARRIBA,NEUTRAL,COHERENTE,y aquí tengo una transcripción en tiempo real en doce siguió ahora empieza transcribir para nuestra útiles embates y querido por ejemplo
20:49:04,MANOS ARRIBA,NEUTRAL,COHERENTE,y aquí tengo una transcripción en tiempo real en doce siguió ahora empieza transcribir para nuestra útiles embates y querido por ejemplo
20:49:04,MANOS ARRIBA,NEUTRAL,COHERENTE,y aquí tengo una transcripción en tiempo real en doce siguió ahora empieza transcribir para nuestra útiles embates y querido por ejemplo
20:49:04,MANOS ARRIBA,NEUTRAL,COHERENTE,y aquí tengo una transcripción en tiempo real en doce siguió ahora empieza transcribir para nuestra útiles embates y querido por ejemplo
20:49:04,MANOS ARRIBA,NEUTRAL,COHERENTE,y aquí tengo una transcripción en tiempo real en doce siguió ahora empieza transcribir para nuestra útiles embates y querido por ejemplo
20:49:04,MANOS ARRIBA,NEUTRAL,COHERENTE,y aquí tengo una transcripción en tiempo real en doce siguió ahora empieza transcribir para nuestra útiles embates y querido por ejemplo
20:49:04,MANOS ARRIBA,NEUTRAL,COHERENTE,y aquí tengo una transcripción en tiempo real en doce siguió ahora empieza transcribir para nuestra útiles embates y querido por ejemplo
20:49:04,MANOS ARRIBA,NEUTRAL,COHERENTE,y aquí tengo una transcripción en tiempo real en doce siguió ahora empieza transcribir para nuestra útiles embates y querido por ejemplo hola
20:49:04,MANOS ARRIBA,NEUTRAL,COHERENTE,y aquí tengo una transcripción en tiempo real en doce siguió ahora empieza transcribir para nuestra útiles embates y querido por ejemplo hola
20:49:05,NEUTRAL,NEUTRAL,COHERENTE,y aquí tengo una transcripción en tiempo real en doce siguió ahora empieza transcribir para nuestra útiles embates y querido por ejemplo hola
20:49:05,NEUTRAL,NEUTRAL,COHERENTE,y aquí tengo una transcripción en tiempo real en doce siguió ahora empieza transcribir para nuestra útiles embates y querido por ejemplo hola grupo de
20:49:05,NEUTRAL,NEUTRAL,COHERENTE,y aquí tengo una transcripción en tiempo real en doce siguió ahora empieza transcribir para nuestra útiles embates y querido por ejemplo hola grupo de
20:49:05,NEUTRAL,NEUTRAL,COHERENTE,y aquí tengo una transcripción en tiempo real en doce siguió ahora empieza transcribir para nuestra útiles embates y querido por ejemplo hola grupo de
20:49:05,NEUTRAL,NEUTRAL,COHERENTE,y aquí tengo una transcripción en tiempo real en doce siguió ahora empieza transcribir para nuestra útiles embates y querido por ejemplo hola grupo de
20:49:05,NEUTRAL,NEUTRAL,COHERENTE,y aquí tengo una transcripción en tiempo real en doce siguió ahora empieza transcribir para nuestra útiles embates y querido por ejemplo hola grupo de inteligencia artificial
20:49:05,NEUTRAL,NEUTRAL,COHERENTE,y aquí tengo una transcripción en tiempo real en doce siguió ahora empieza transcribir para nuestra útiles embates y querido por ejemplo hola grupo de inteligencia artificial
20:49:05,NEUTRAL,NEUTRAL,COHERENTE,y aquí tengo una transcripción en tiempo real en doce siguió ahora empieza transcribir para nuestra útiles embates y querido por ejemplo hola grupo de inteligencia artificial
20:49:05,NEUTRAL,NEUTRAL,COHERENTE,y aquí tengo una transcripción en tiempo real en doce siguió ahora empieza transcribir para nuestra útiles embates y querido por ejemplo hola grupo de inteligencia artificial
20:49:05,NEUTRAL,NEUTRAL,COHERENTE,y aquí tengo una transcripción en tiempo real en doce siguió ahora empieza transcribir para nuestra útiles embates y querido por ejemplo hola grupo de inteligencia artificial
20:49:05,NEUTRAL,NEUTRAL,COHERENTE,y aquí tengo una transcripción en tiempo real en doce siguió ahora empieza transcribir para nuestra útiles embates y querido por ejemplo hola grupo de inteligencia artificial
20:49:05,NEUTRAL,NEUTRAL,COHERENTE,y aquí tengo una transcripción en tiempo real en doce siguió ahora empieza transcribir para nuestra útiles embates y querido por ejemplo hola grupo de inteligencia artificial
20:49:05,NEUTRAL,NEUTRAL,COHERENTE,y aquí tengo una transcripción en tiempo real en doce siguió ahora empieza transcribir para nuestra útiles embates y querido por ejemplo hola grupo de inteligencia artificial
20:49:05,NEUTRAL,NEUTRAL,COHERENTE,y aquí tengo una transcripción en tiempo real en doce siguió ahora empieza transcribir para nuestra útiles embates y querido por ejemplo hola grupo de inteligencia artificial
20:49:06,NEUTRAL,NEUTRAL,COHERENTE,y aquí tengo una transcripción en tiempo real en doce siguió ahora empieza transcribir para nuestra útiles embates y querido por ejemplo hola grupo de inteligencia artificial
20:49:06,NEUTRAL,NEUTRAL,COHERENTE,y aquí tengo una transcripción en tiempo real en doce siguió ahora empieza transcribir para nuestra útiles embates y querido por ejemplo hola grupo de inteligencia artificial como
20:49:06,HABLANDO,NEUTRAL,COHERENTE,y aquí tengo una transcripción en tiempo real en doce siguió ahora empieza transcribir para nuestra útiles embates y querido por ejemplo hola grupo de inteligencia artificial como
20:49:06,NEUTRAL,NEUTRAL,COHERENTE,y aquí tengo una transcripción en tiempo real en doce siguió ahora empieza transcribir para nuestra útiles embates y querido por ejemplo hola grupo de inteligencia artificial como
20:49:06,NEUTRAL,NEUTRAL,COHERENTE,y aquí tengo una transcripción en tiempo real en doce siguió ahora empieza transcribir para nuestra útiles embates y querido por ejemplo hola grupo de inteligencia artificial como
20:49:06,NEUTRAL,NEUTRAL,COHERENTE,y aquí tengo una transcripción en tiempo real en doce siguió ahora empieza transcribir para nuestra útiles embates y querido por ejemplo hola grupo de inteligencia artificial como estar al día
20:49:06,MANOS ARRIBA,NEUTRAL,COHERENTE,y aquí tengo una transcripción en tiempo real en doce siguió ahora empieza transcribir para nuestra útiles embates y querido por ejemplo hola grupo de inteligencia artificial como estar al día
20:49:06,NEUTRAL,NEUTRAL,COHERENTE,y aquí tengo una transcripción en tiempo real en doce siguió ahora empieza transcribir para nuestra útiles embates y querido por ejemplo hola grupo de inteligencia artificial como estar al día
20:49:06,NEUTRAL,NEUTRAL,COHERENTE,y aquí tengo una transcripción en tiempo real en doce siguió ahora empieza transcribir para nuestra útiles embates y querido por ejemplo hola grupo de inteligencia artificial como están el día de
20:49:06,NEUTRAL,NEUTRAL,COHERENTE,y aquí tengo una transcripción en tiempo real en doce siguió ahora empieza transcribir para nuestra útiles embates y querido por ejemplo hola grupo de inteligencia artificial como están el día de
20:49:06,NEUTRAL,NEUTRAL,COHERENTE,y aquí tengo una transcripción en tiempo real en doce siguió ahora empieza transcribir para nuestra útiles embates y querido por ejemplo hola grupo de inteligencia artificial como están el día de
20:49:06,NEUTRAL,NEUTRAL,COHERENTE,y aquí tengo una transcripción en tiempo real en doce siguió ahora empieza transcribir para nuestra útiles embates y querido por ejemplo hola grupo de inteligencia artificial como están el día de hoy
20:49:06,MANOS ARRIBA,NEUTRAL,COHERENTE,y aquí tengo una transcripción en tiempo real en doce siguió ahora empieza transcribir para nuestra útiles embates y querido por ejemplo hola grupo de inteligencia artificial como están el día de hoy
20:49:06,NEUTRAL,NEUTRAL,COHERENTE,y aquí tengo una transcripción en tiempo real en doce siguió ahora empieza transcribir para nuestra útiles embates y querido por ejemplo hola grupo de inteligencia artificial como están el día de hoy
20:49:07,NEUTRAL,NEUTRAL,COHERENTE,y aquí tengo una transcripción en tiempo real en doce siguió ahora empieza transcribir para nuestra útiles embates y querido por ejemplo hola grupo de inteligencia artificial como están el día de hoy
20:49:07,NEUTRAL,NEUTRAL,COHERENTE,y aquí tengo una transcripción en tiempo real en doce siguió ahora empieza transcribir para nuestra útiles embates y querido por ejemplo hola grupo de inteligencia artificial como están el día de hoy
20:49:07,NEUTRAL,NEUTRAL,COHERENTE,y aquí tengo una transcripción en tiempo real en doce siguió ahora empieza transcribir para nuestra útiles embates y querido por ejemplo hola grupo de inteligencia artificial como están el día de hoy
20:49:07,NEUTRAL,NEUTRAL,COHERENTE,y aquí tengo una transcripción en tiempo real en doce siguió ahora empieza transcribir para nuestra útiles embates y querido por ejemplo hola grupo de inteligencia artificial como están el día de hoy
20:49:07,NEUTRAL,NEUTRAL,COHERENTE,y aquí tengo una transcripción en tiempo real en doce siguió ahora empieza transcribir para nuestra útiles embates y querido por ejemplo hola grupo de inteligencia artificial como están el día de hoy
20:49:07,NEUTRAL,NEUTRAL,COHERENTE,y aquí tengo una transcripción en tiempo real en doce siguió ahora empieza transcribir para nuestra útiles embates y querido por ejemplo hola grupo de inteligencia artificial como están el día de hoy
20:49:07,NEUTRAL,NEUTRAL,COHERENTE,y aquí tengo una transcripción en tiempo real en doce siguió ahora empieza transcribir para nuestra útiles embates y querido por ejemplo hola grupo de inteligencia artificial como están el día de hoy
20:49:07,NEUTRAL,NEUTRAL,COHERENTE,y aquí tengo una transcripción en tiempo real en doce siguió ahora empieza transcribir para nuestra útiles embates y querido por ejemplo hola grupo de inteligencia artificial como están el día de hoy
20:49:07,NEUTRAL,NEUTRAL,COHERENTE,y aquí tengo una transcripción en tiempo real en doce siguió ahora empieza transcribir para nuestra útiles embates y querido por ejemplo hola grupo de inteligencia artificial como están el día de hoy
20:49:07,NEUTRAL,NEUTRAL,COHERENTE,y aquí tengo una transcripción en tiempo real en doce siguió ahora empieza transcribir para nuestra útiles embates y querido por ejemplo hola grupo de inteligencia artificial como están el día de hoy
20:49:07,NEUTRAL,NEUTRAL,COHERENTE,y aquí tengo una transcripción en tiempo real en doce siguió ahora empieza transcribir para nuestra útiles embates y querido por ejemplo hola grupo de inteligencia artificial como están el día de hoy
20:49:07,NEUTRAL,NEUTRAL,COHERENTE,y aquí tengo una transcripción en tiempo real en doce siguió ahora empieza transcribir para nuestra útiles embates y querido por ejemplo hola grupo de inteligencia artificial como están el día de hoy
20:49:07,NEUTRAL,NEUTRAL,COHERENTE,virtual y aquí tengo una transcripción en tiempo real en dos siguió ahora empieza transcribir para nuestra utilizando embates y querido por ejemplo hola grupo de inteligencia artificial como están el día de hoy
20:49:07,NEUTRAL,NEUTRAL,COHERENTE,virtual y aquí tengo una transcripción en tiempo real en dos siguió ahora empieza transcribir para nuestra utilizando embates y querido por ejemplo hola grupo de inteligencia artificial como están el día de hoy
20:49:08,NEUTRAL,NEUTRAL,COHERENTE,virtual y aquí tengo una transcripción en tiempo real en dos siguió ahora empieza transcribir para nuestra utilizando embates y querido por ejemplo hola grupo de inteligencia artificial como están el día de hoy
20:49:08,NEUTRAL,NEUTRAL,COHERENTE,virtual y aquí tengo una transcripción en tiempo real en dos siguió ahora empieza transcribir para nuestra utilizando embates y querido por ejemplo hola grupo de inteligencia artificial como están el día de hoy
20:49:08,NEUTRAL,NEUTRAL,COHERENTE,virtual y aquí tengo una transcripción en tiempo real en dos siguió ahora empieza transcribir para nuestra utilizando embates y querido por ejemplo hola grupo de inteligencia artificial como están el día de hoy
20:49:08,NEUTRAL,NEUTRAL,COHERENTE,virtual y aquí tengo una transcripción en tiempo real en dos siguió ahora empieza transcribir para nuestra utilizando embates y querido por ejemplo hola grupo de inteligencia artificial como están el día de hoy
20:49:08,NEUTRAL,NEUTRAL,COHERENTE,virtual y aquí tengo una transcripción en tiempo real en dos siguió ahora empieza transcribir para nuestra utilizando embates y querido por ejemplo hola grupo de inteligencia artificial como están el día de hoy
20:49:08,NEUTRAL,NEUTRAL,COHERENTE,virtual y aquí tengo una transcripción en tiempo real en dos siguió ahora empieza transcribir para nuestra utilizando embates y querido por ejemplo hola grupo de inteligencia artificial como están el día de hoy
20:49:08,NEUTRAL,NEUTRAL,COHERENTE,virtual y aquí tengo una transcripción en tiempo real en dos siguió ahora empieza transcribir para nuestra utilizando embates y querido por ejemplo hola grupo de inteligencia artificial como están el día de hoy
20:49:08,NEUTRAL,NEUTRAL,COHERENTE,virtual y aquí tengo una transcripción en tiempo real en dos siguió ahora empieza transcribir para nuestra utilizando embates y querido por ejemplo hola grupo de inteligencia artificial como están el día de hoy
20:49:08,NEUTRAL,NEUTRAL,COHERENTE,virtual y aquí tengo una transcripción en tiempo real en dos siguió ahora empieza transcribir para nuestra utilizando embates y querido por ejemplo hola grupo de inteligencia artificial como están el día de hoy
20:49:08,NEUTRAL,NEUTRAL,COHERENTE,nada
20:49:08,NEUTRAL,NEUTRAL,COHERENTE,nada
20:49:08,NEUTRAL,NEUTRAL,COHERENTE,nada
20:49:08,NEUTRAL,NEUTRAL,COHERENTE,nada
20:49:08,NEUTRAL,NEUTRAL,COHERENTE,nada
20:49:09,NEUTRAL,NEUTRAL,COHERENTE,nada
20:49:09,NEUTRAL,NEUTRAL,COHERENTE,nada
20:49:09,NEUTRAL,NEUTRAL,COHERENTE,nada
20:49:09,NEUTRAL,NEUTRAL,COHERENTE,nada
20:49:09,NEUTRAL,NEUTRAL,COHERENTE,nada
20:49:09,NEUTRAL,NEUTRAL,COHERENTE,nada
20:49:09,NEUTRAL,NEUTRAL,COHERENTE,nada
20:49:09,NEUTRAL,NEUTRAL,COHERENTE,nada
20:49:09,NEUTRAL,NEUTRAL,COHERENTE,nada
20:49:09,NEUTRAL,NEUTRAL,COHERENTE,nada
20:49:09,NEUTRAL,NEUTRAL,COHERENTE,el
20:49:09,NEUTRAL,NEUTRAL,COHERENTE,el
20:49:09,NEUTRAL,NEUTRAL,COHERENTE,el
20:49:09,NEUTRAL,NEUTRAL,COHERENTE,el
20:49:09,NEUTRAL,NEUTRAL,COHERENTE,el
20:49:09,NEUTRAL,NEUTRAL,COHERENTE,el estado
20:49:10,NEUTRAL,NEUTRAL,COHERENTE,el estado
20:49:10,NEUTRAL,NEUTRAL,COHERENTE,el estado
20:49:10,NEUTRAL,NEUTRAL,COHERENTE,el estado
20:49:10,NEUTRAL,NEUTRAL,COHERENTE,el estado
20:49:10,NEUTRAL,NEUTRAL,COHERENTE,el estado
20:49:10,NEUTRAL,NEUTRAL,COHERENTE,el estado
20:49:10,NEUTRAL,NEUTRAL,COHERENTE,el estado
20:49:10,NEUTRAL,NEUTRAL,COHERENTE,el estado transfirió
20:49:10,NEUTRAL,NEUTRAL,COHERENTE,el estado transfirió
20:49:10,NEUTRAL,NEUTRAL,COHERENTE,el estado transfirió
20:49:10,NEUTRAL,NEUTRAL,COHERENTE,el estado transfirió
20:49:10,NEUTRAL,NEUTRAL,COHERENTE,el estado transfirió en tiempo
20:49:10,NEUTRAL,NEUTRAL,COHERENTE,el estado transfirió en tiempo
20:49:10,MANOS ARRIBA,NEUTRAL,COHERENTE,el estado transfirió en tiempo
20:49:10,MANOS ARRIBA,NEUTRAL,COHERENTE,el estado transfirió en tiempo real
20:49:11,MANOS ARRIBA,NEUTRAL,COHERENTE,el estado transfirió en tiempo real
20:49:11,MANOS ARRIBA,NEUTRAL,COHERENTE,el estado transfirió en tiempo real
20:49:11,MANOS ARRIBA,NEUTRAL,COHERENTE,el estado transfirió en tiempo real y
20:49:11,MANOS ARRIBA,NEUTRAL,COHERENTE,el estado transfirió en tiempo real y
20:49:11,MANOS ARRIBA,NEUTRAL,COHERENTE,el estado transfirió en tiempo real y
20:49:11,MANOS ARRIBA,NEUTRAL,COHERENTE,el estado transfirió en tiempo real y
20:49:11,MANOS ARRIBA,NEUTRAL,COHERENTE,el estado transfirió en tiempo real y
20:49:11,MANOS ARRIBA,NEUTRAL,COHERENTE,el estado transfirió en tiempo real y aquí te
20:49:11,MANOS ARRIBA,NEUTRAL,COHERENTE,el estado transfirió en tiempo real y aquí te
20:49:11,MANOS ARRIBA,NEUTRAL,COHERENTE,el estado transfirió en tiempo real y aquí te
20:49:11,MANOS ARRIBA,NEUTRAL,COHERENTE,el estado transfirió en tiempo real y aquí te
20:49:11,MANOS ARRIBA,NEUTRAL,COHERENTE,el estado transfirió en tiempo real y aquí tengo
20:49:11,MANOS ARRIBA,NEUTRAL,COHERENTE,el estado transfirió en tiempo real y aquí tengo
20:49:11,MANOS ARRIBA,NEUTRAL,COHERENTE,el estado transfirió en tiempo real y aquí tengo
20:49:12,MANOS ARRIBA,NEUTRAL,COHERENTE,el estado transfirió en tiempo real y aquí tengo como
20:49:12,MANOS ARRIBA,NEUTRAL,COHERENTE,el estado transfirió en tiempo real y aquí tengo como
20:49:12,MANOS ARRIBA,NEUTRAL,COHERENTE,el estado transfirió en tiempo real y aquí tengo como
20:49:12,MANOS ARRIBA,NEUTRAL,COHERENTE,el estado transfirió en tiempo real y aquí tengo como
20:49:12,MANOS ARRIBA,NEUTRAL,COHERENTE,el estado transfirió en tiempo real y aquí tengo como una
20:49:12,MANOS ARRIBA,NEUTRAL,COHERENTE,el estado transfirió en tiempo real y aquí tengo como una
20:49:12,NEUTRAL,NEUTRAL,COHERENTE,el estado transfirió en tiempo real y aquí tengo como un
20:49:12,NEUTRAL,NEUTRAL,COHERENTE,el estado transfirió en tiempo real y aquí tengo como un
20:49:12,NEUTRAL,NEUTRAL,COHERENTE,el estado transfirió en tiempo real y aquí tengo como un analizador
20:49:13,NEUTRAL,NEUTRAL,COHERENTE,el estado transfirió en tiempo real y aquí tengo como un analizador precisamente
20:49:13,NEUTRAL,NEUTRAL,COHERENTE,el estado transfirió en tiempo real y aquí tengo como un analizador precisamente
20:49:13,NEUTRAL,NEUTRAL,COHERENTE,el estado transfirió en tiempo real y aquí tengo como un analizador precisamente de
20:49:13,NEUTRAL,NEUTRAL,COHERENTE,el estado transfirió en tiempo real y aquí tengo como un analizador precisamente de
20:49:13,NEUTRAL,NEUTRAL,COHERENTE,el estado transfirió en tiempo real y aquí tengo como un analizador precisamente de
20:49:13,NEUTRAL,NEUTRAL,COHERENTE,el estado transfirió en tiempo real y aquí tengo como un analizador precisamente de gestos
20:49:14,MANOS ARRIBA,NEUTRAL,COHERENTE,el estado transfirió en tiempo real y aquí tengo como un analizador precisamente de gestos y
20:49:14,NEUTRAL,NEUTRAL,COHERENTE,el estado transfirió en tiempo real y aquí tengo como un analizador precisamente de gestos y
20:49:14,NEUTRAL,NEUTRAL,COHERENTE,el estado transfirió en tiempo real y aquí tengo como un analizador precisamente de gestos y
20:49:14,NEUTRAL,NEUTRAL,COHERENTE,el estado transfirió en tiempo real y aquí tengo como un analizador precisamente de gestos y
20:49:14,NEUTRAL,NEUTRAL,COHERENTE,el estado transfirió en tiempo real y aquí tengo como un analizador precisamente de gestos y una
20:49:14,NEUTRAL,NEUTRAL,COHERENTE,el estado transfirió en tiempo real y aquí tengo como un analizador precisamente de gestos y una
20:49:14,NEUTRAL,NEUTRAL,COHERENTE,el estado transfirió en tiempo real y aquí tengo como un analizador precisamente de gestos y una
20:49:15,NEUTRAL,NEUTRAL,COHERENTE,el estado transfirió en tiempo real y aquí tengo como un analizador precisamente de gestos y una parte
20:49:15,NEUTRAL,NEUTRAL,COHERENTE,el estado transfirió en tiempo real y aquí tengo como un analizador precisamente de gestos y una parte
20:49:15,NEUTRAL,NEUTRAL,COHERENTE,el estado transfirió en tiempo real y aquí tengo como un analizador precisamente de gestos y una parte
20:49:15,NEUTRAL,NEUTRAL,COHERENTE,el estado transfirió en tiempo real y aquí tengo como un analizador precisamente de gestos y una parte un
20:49:15,NEUTRAL,NEUTRAL,COHERENTE,el estado transfirió en tiempo real y aquí tengo como un analizador precisamente de gestos y una parte un
20:49:15,NEUTRAL,NEUTRAL,COHERENTE,el estado transfirió en tiempo real y aquí tengo como un analizador precisamente de gestos y una parte un
20:49:15,NEUTRAL,NEUTRAL,COHERENTE,el estado transfirió en tiempo real y aquí tengo como un analizador precisamente de gestos y una parte un índice de
20:49:15,NEUTRAL,NEUTRAL,COHERENTE,el estado transfirió en tiempo real y aquí tengo como un analizador precisamente de gestos y una parte un índice de
20:49:15,NEUTRAL,NEUTRAL,COHERENTE,el estado transfirió en tiempo real y aquí tengo como un analizador precisamente de gestos y una parte un índice de
20:49:15,NEUTRAL,NEUTRAL,COHERENTE,el estado transfirió en tiempo real y aquí tengo como un analizador precisamente de gestos y una parte un índice de
20:49:15,NEUTRAL,NEUTRAL,COHERENTE,el estado transfirió en tiempo real y aquí tengo como un analizador precisamente de gestos y una parte un índice de
20:49:15,NEUTRAL,NEUTRAL,COHERENTE,el estado transfirió en tiempo real y aquí tengo como un analizador precisamente de gestos y una parte un índice de
20:49:15,NEUTRAL,NEUTRAL,COHERENTE,el estado transfirió en tiempo real y aquí tengo como un analizador precisamente de gestos y una parte un índice de
20:49:16,NEUTRAL,NEUTRAL,COHERENTE,el estado transfirió en tiempo real y aquí tengo como un analizador precisamente de gestos y una parte un índice de
20:49:16,NEUTRAL,NEUTRAL,COHERENTE,el estado transfirió en tiempo real y aquí tengo como un analizador precisamente de gestos y una parte un índice de coherencia
20:49:16,NEUTRAL,NEUTRAL,COHERENTE,el estado transfirió en tiempo real y aquí tengo como un analizador precisamente de gestos y una parte un índice de coherencia
20:49:16,NEUTRAL,NEUTRAL,COHERENTE,el estado transfirió en tiempo real y aquí tengo como un analizador precisamente de gestos y una parte un índice de coherencia
20:49:16,NEUTRAL,NEUTRAL,COHERENTE,el estado transfirió en tiempo real y aquí tengo como un analizador precisamente de gestos y una parte un índice de coherencia
20:49:16,NEUTRAL,NEUTRAL,COHERENTE,el estado transfirió en tiempo real y aquí tengo como un analizador precisamente de gestos y una parte un índice de coherencia
20:49:16,NEUTRAL,NEUTRAL,COHERENTE,el estado transfirió en tiempo real y aquí tengo como un analizador precisamente de gestos y una parte un índice de coherencia
20:49:16,NEUTRAL,NEUTRAL,COHERENTE,el estado transfirió en tiempo real y aquí tengo como un analizador precisamente de gestos y una parte un índice de coherencia
20:49:16,NEUTRAL,NEUTRAL,COHERENTE,el estado transfirió en tiempo real y aquí tengo como un analizador precisamente de gestos y una parte un índice de coherencia
20:49:16,NEUTRAL,NEUTRAL,COHERENTE,el estado transfirió en tiempo real y aquí tengo como un analizador precisamente de gestos y una parte un índice de coherencia estoy utilizando
20:49:16,NEUTRAL,NEUTRAL,COHERENTE,el estado transfirió en tiempo real y aquí tengo como un analizador precisamente de gestos y una parte un índice de coherencia estoy utilizando
20:49:16,NEUTRAL,NEUTRAL,COHERENTE,el estado transfirió en tiempo real y aquí tengo como un analizador precisamente de gestos y una parte un índice de coherencia estoy utilizando
20:49:16,NEUTRAL,NEUTRAL,COHERENTE,el estado transfirió en tiempo real y aquí tengo como un analizador precisamente de gestos y una parte un índice de coherencia estoy utilizando
20:49:16,NEUTRAL,NEUTRAL,COHERENTE,el estado transfirió en tiempo real y aquí tengo como un analizador precisamente de gestos y una parte un índice de coherencia este estoy utilizando
20:49:17,NEUTRAL,NEUTRAL,COHERENTE,el estado transfirió en tiempo real y aquí tengo como un analizador precisamente de gestos y una parte un índice de coherencia este estoy utilizando
20:49:17,NEUTRAL,NEUTRAL,COHERENTE,el estado transfirió en tiempo real y aquí tengo como un analizador precisamente de gestos y una parte un índice de coherencia este estoy utilizando una
20:49:17,NEUTRAL,NEUTRAL,COHERENTE,el estado transfirió en tiempo real y aquí tengo como un analizador precisamente de gestos y una parte un índice de coherencia este estoy utilizando una
20:49:17,NEUTRAL,NEUTRAL,COHERENTE,el estado transfirió en tiempo real y aquí tengo como un analizador precisamente de gestos y una parte un índice de coherencia este estoy utilizando una
20:49:17,NEUTRAL,NEUTRAL,COHERENTE,el estado transfirió en tiempo real y aquí tengo como un analizador precisamente de gestos y una parte un índice de coherencia este estoy utilizando
20:49:17,NEUTRAL,NEUTRAL,COHERENTE,el estado transfirió en tiempo real y aquí tengo como un analizador precisamente de gestos y una parte un índice de coherencia este estoy utilizando
20:49:17,NEUTRAL,NEUTRAL,COHERENTE,el estado transfirió en tiempo real y aquí tengo como un analizador precisamente de gestos y una parte un índice de coherencia este estoy utilizando
20:49:17,NEUTRAL,NEUTRAL,COHERENTE,el estado transfirió en tiempo real y aquí tengo como un analizador precisamente de gestos y una parte un índice de coherencia este estoy utilizando
20:49:17,NEUTRAL,NEUTRAL,COHERENTE,el estado transfirió en tiempo real y aquí tengo como un analizador precisamente de gestos y una parte un índice de coherencia este estoy utilizando el diccionario
20:49:17,NEUTRAL,NEUTRAL,COHERENTE,el estado transfirió en tiempo real y aquí tengo como un analizador precisamente de gestos y una parte un índice de coherencia este estoy utilizando el diccionario
20:49:17,NEUTRAL,NEUTRAL,COHERENTE,el estado transfirió en tiempo real y aquí tengo como un analizador precisamente de gestos y una parte un índice de coherencia este estoy utilizando el diccionario
20:49:17,NEUTRAL,NEUTRAL,COHERENTE,el estado transfirió en tiempo real y aquí tengo como un analizador precisamente de gestos y una parte un índice de coherencia este estoy utilizando el diccionario porque
20:49:17,NEUTRAL,NEUTRAL,COHERENTE,el estado transfirió en tiempo real y aquí tengo como un analizador precisamente de gestos y una parte un índice de coherencia este estoy utilizando el diccionario porque
20:49:17,NEUTRAL,NEUTRAL,COHERENTE,el estado transfirió en tiempo real y aquí tengo como un analizador precisamente de gestos y una parte un índice de coherencia este estoy utilizando el diccionario porque
20:49:18,NEUTRAL,NEUTRAL,COHERENTE,el estado transfirió en tiempo real y aquí tengo como un analizador precisamente de gestos y una parte un índice de coherencia este estoy utilizando el diccionario porque
20:49:18,NEUTRAL,NEUTRAL,COHERENTE,el estado transfirió en tiempo real y aquí tengo como un analizador precisamente de gestos y una parte un índice de coherencia este estoy utilizando el diccionario porque no
20:49:18,NEUTRAL,NEUTRAL,COHERENTE,el estado transfirió en tiempo real y aquí tengo como un analizador precisamente de gestos y una parte un índice de coherencia este estoy utilizando el diccionario porque no
20:49:18,NEUTRAL,NEUTRAL,COHERENTE,el estado transfirió en tiempo real y aquí tengo como un analizador precisamente de gestos y una parte un índice de coherencia este estoy utilizando el diccionario porque no
20:49:18,NEUTRAL,NEUTRAL,COHERENTE,el estado transfirió en tiempo real y aquí tengo como un analizador precisamente de gestos y una parte un índice de coherencia este estoy utilizando el diccionario porque no
20:49:18,NEUTRAL,NEUTRAL,COHERENTE,el estado transfirió en tiempo real y aquí tengo como un analizador precisamente de gestos y una parte un índice de coherencia este estoy utilizando el diccionario porque no
20:49:18,NEUTRAL,NEUTRAL,COHERENTE,el estado transfirió en tiempo real y aquí tengo como un analizador precisamente de gestos y una parte un índice de coherencia este estoy utilizando el diccionario porque no
20:49:18,NEUTRAL,NEUTRAL,COHERENTE,el estado transfirió en tiempo real y aquí tengo como un analizador precisamente de gestos y una parte un índice de coherencia este estoy utilizando el diccionario porque no
20:49:18,NEUTRAL,NEUTRAL,COHERENTE,el estado transfirió en tiempo real y aquí tengo como un analizador precisamente de gestos y una parte un índice de coherencia este estoy utilizando el diccionario porque no
20:49:18,NEUTRAL,NEUTRAL,COHERENTE,el estado transfirió en tiempo real y aquí tengo como un analizador precisamente de gestos y una parte un índice de coherencia este estoy utilizando el diccionario porque no quiero meterme
20:49:18,NEUTRAL,NEUTRAL,COHERENTE,el estado transfirió en tiempo real y aquí tengo como un analizador precisamente de gestos y una parte un índice de coherencia este estoy utilizando el diccionario porque no quiero meterme
20:49:18,NEUTRAL,NEUTRAL,COHERENTE,el estado transfirió en tiempo real y aquí tengo como un analizador precisamente de gestos y una parte un índice de coherencia este estoy utilizando el diccionario porque no quiero meterme
20:49:18,NEUTRAL,NEUTRAL,COHERENTE,el estado transfirió en tiempo real y aquí tengo como un analizador precisamente de gestos y una parte un índice de coherencia este estoy utilizando el diccionario porque no me quiero meter la pata
20:49:18,NEUTRAL,NEUTRAL,COHERENTE,el estado transfirió en tiempo real y aquí tengo como un analizador precisamente de gestos y una parte un índice de coherencia este estoy utilizando el diccionario porque no me quiero meter la pata
20:49:19,NEUTRAL,NEUTRAL,COHERENTE,el estado transfirió en tiempo real y aquí tengo como un analizador precisamente de gestos y una parte un índice de coherencia este estoy utilizando el diccionario porque no me quiero meter la pata
20:49:19,NEUTRAL,NEUTRAL,COHERENTE,el estado transfirió en tiempo real y aquí tengo como un analizador precisamente de gestos y una parte un índice de coherencia este estoy utilizando el diccionario porque no me quiero meter la parte
20:49:19,NEUTRAL,NEUTRAL,COHERENTE,el estado transfirió en tiempo real y aquí tengo como un analizador precisamente de gestos y una parte un índice de coherencia este estoy utilizando el diccionario porque no me quiero meter la parte
20:49:19,NEUTRAL,NEUTRAL,COHERENTE,el estado transfirió en tiempo real y aquí tengo como un analizador precisamente de gestos y una parte un índice de coherencia este estoy utilizando el diccionario porque no me quiero meter la parte
20:49:19,NEUTRAL,NEUTRAL,COHERENTE,el estado transfirió en tiempo real y aquí tengo como un analizador precisamente de gestos y una parte un índice de coherencia este estoy utilizando el diccionario porque no me quiero meter la parte
20:49:19,NEUTRAL,NEUTRAL,COHERENTE,el estado transfirió en tiempo real y aquí tengo como un analizador precisamente de gestos y una parte un índice de coherencia este estoy utilizando el diccionario porque no me quiero meter la parte primero
20:49:19,NEUTRAL,NEUTRAL,COHERENTE,el estado transfirió en tiempo real y aquí tengo como un analizador precisamente de gestos y una parte un índice de coherencia este estoy utilizando el diccionario porque no me quiero meter la parte primero
20:49:19,NEUTRAL,NEUTRAL,COHERENTE,el estado transfirió en tiempo real y aquí tengo como un analizador precisamente de gestos y una parte un índice de coherencia este estoy utilizando el diccionario porque no me quiero meter la parte primero
20:49:19,NEUTRAL,NEUTRAL,COHERENTE,el estado transfirió en tiempo real y aquí tengo como un analizador precisamente de gestos y una parte un índice de coherencia este estoy utilizando el diccionario porque no me quiero meter la parte primero del
20:49:19,NEUTRAL,NEUTRAL,COHERENTE,el estado transfirió en tiempo real y aquí tengo como un analizador precisamente de gestos y una parte un índice de coherencia este estoy utilizando el diccionario porque no me quiero meter la parte primero del
20:49:19,NEUTRAL,NEUTRAL,COHERENTE,el estado transfirió en tiempo real y aquí tengo como un analizador precisamente de gestos y una parte un índice de coherencia este estoy utilizando el diccionario porque no me quiero meter la parte primero del
20:49:19,NEUTRAL,NEUTRAL,COHERENTE,el estado transfirió en tiempo real y aquí tengo como un analizador precisamente de gestos y una parte un índice de coherencia este estoy utilizando el diccionario porque no me quiero meter la parte primero del
20:49:19,NEUTRAL,NEUTRAL,COHERENTE,el estado transfirió en tiempo real y aquí tengo como un analizador precisamente de gestos y una parte un índice de coherencia este estoy utilizando el diccionario porque no me quiero meter la parte primero del
20:49:19,NEUTRAL,NEUTRAL,COHERENTE,el estado transfirió en tiempo real y aquí tengo como un analizador precisamente de gestos y una parte un índice de coherencia este estoy utilizando el diccionario porque no me quiero meter la parte primero del
20:49:20,NEUTRAL,NEUTRAL,COHERENTE,el estado transfirió en tiempo real y aquí tengo como un analizador precisamente de gestos y una parte un índice de coherencia este estoy utilizando el diccionario porque no me quiero meter la parte primero del
20:49:20,NEUTRAL,NEUTRAL,COHERENTE,el estado transfirió en tiempo real y aquí tengo como un analizador precisamente de gestos y una parte un índice de coherencia este estoy utilizando el diccionario porque no me quiero meter la parte primero del
20:49:20,NEUTRAL,NEUTRAL,COHERENTE,el estado transfirió en tiempo real y aquí tengo como un analizador precisamente de gestos y una parte un índice de coherencia este estoy utilizando el diccionario porque no me quiero meter la parte primero del interfaz
20:49:20,MANOS ARRIBA,NEUTRAL,COHERENTE,el estado transfirió en tiempo real y aquí tengo como un analizador precisamente de gestos y una parte un índice de coherencia este estoy utilizando el diccionario porque no me quiero meter la parte primero del interfaz
20:49:20,MANOS ARRIBA,NEUTRAL,COHERENTE,el estado transfirió en tiempo real y aquí tengo como un analizador precisamente de gestos y una parte un índice de coherencia este estoy utilizando el diccionario porque no me quiero meter la parte primero del interfaz
20:49:20,MANOS ARRIBA,NEUTRAL,COHERENTE,el estado transfirió en tiempo real y aquí tengo como un analizador precisamente de gestos y una parte un índice de coherencia este estoy utilizando el diccionario porque no me quiero meter la parte primero del interfaz y
20:49:20,MANOS ARRIBA,NEUTRAL,COHERENTE,el estado transfirió en tiempo real y aquí tengo como un analizador precisamente de gestos y una parte un índice de coherencia este estoy utilizando el diccionario porque no me quiero meter la parte primero del interfaz y
20:49:20,MANOS ARRIBA,NEUTRAL,COHERENTE,el estado transfirió en tiempo real y aquí tengo como un analizador precisamente de gestos y una parte un índice de coherencia este estoy utilizando el diccionario porque no me quiero meter la parte primero del interfaz y
20:49:20,MANOS ARRIBA,NEUTRAL,COHERENTE,el estado transfirió en tiempo real y aquí tengo como un analizador precisamente de gestos y una parte un índice de coherencia este estoy utilizando el diccionario porque no me quiero meter la parte primero del interfaz y
20:49:20,MANOS ARRIBA,NEUTRAL,COHERENTE,el estado transfirió en tiempo real y aquí tengo como un analizador precisamente de gestos y una parte un índice de coherencia este estoy utilizando el diccionario porque no me quiero meter la parte primero del interfaz y
20:49:20,MANOS ARRIBA,NEUTRAL,COHERENTE,el estado transfirió en tiempo real y aquí tengo como un analizador precisamente de gestos y una parte un índice de coherencia este estoy utilizando el diccionario porque no me quiero meter la parte primero del interfaz y luego y arremete con
20:49:20,MANOS ARRIBA,NEUTRAL,COHERENTE,el estado transfirió en tiempo real y aquí tengo como un analizador precisamente de gestos y una parte un índice de coherencia este estoy utilizando el diccionario porque no me quiero meter la parte primero del interfaz y luego y arremete con
20:49:21,MANOS ARRIBA,NEUTRAL,COHERENTE,el estado transfirió en tiempo real y aquí tengo como un analizador precisamente de gestos y una parte un índice de coherencia este estoy utilizando el diccionario porque no me quiero meter la parte primero del interfaz y luego y arremete con
20:49:21,MANOS ARRIBA,NEUTRAL,COHERENTE,el estado transfirió en tiempo real y aquí tengo como un analizador precisamente de gestos y una parte un índice de coherencia este estoy utilizando el diccionario porque no me quiero meter la parte primero del interfaz y luego y lo metemos la
20:49:21,MANOS ARRIBA,NEUTRAL,COHERENTE,el estado transfirió en tiempo real y aquí tengo como un analizador precisamente de gestos y una parte un índice de coherencia este estoy utilizando el diccionario porque no me quiero meter la parte primero del interfaz y luego y lo metemos la
20:49:21,MANOS ARRIBA,NEUTRAL,COHERENTE,el estado transfirió en tiempo real y aquí tengo como un analizador precisamente de gestos y una parte un índice de coherencia este estoy utilizando el diccionario porque no me quiero meter la parte primero del interfaz y luego y lo metemos la parte de
20:49:21,MANOS ARRIBA,NEUTRAL,COHERENTE,el estado transfirió en tiempo real y aquí tengo como un analizador precisamente de gestos y una parte un índice de coherencia este estoy utilizando el diccionario porque no me quiero meter la parte primero del interfaz y luego y lo metemos la parte de
20:49:21,MANOS ARRIBA,NEUTRAL,COHERENTE,el estado transfirió en tiempo real y aquí tengo como un analizador precisamente de gestos y una parte un índice de coherencia este estoy utilizando el diccionario porque no me quiero meter la parte primero del interfaz y luego y lo metemos la parte de
20:49:21,MANOS ARRIBA,NEUTRAL,COHERENTE,el estado transfirió en tiempo real y aquí tengo como un analizador precisamente de gestos y una parte un índice de coherencia este estoy utilizando el diccionario porque no me quiero meter la parte primero del interfaz y luego y lo metemos la parte de
20:49:21,MANOS ARRIBA,NEUTRAL,COHERENTE,el estado transfirió en tiempo real y aquí tengo como un analizador precisamente de gestos y una parte un índice de coherencia este estoy utilizando el diccionario porque no me quiero meter la parte primero del interfaz y luego y lo metemos la parte de
20:49:21,MANOS ARRIBA,NEUTRAL,COHERENTE,el estado transfirió en tiempo real y aquí tengo como un analizador precisamente de gestos y una parte un índice de coherencia este estoy utilizando el diccionario porque no me quiero meter la parte primero del interfaz y luego y lo metemos la parte de
20:49:21,MANOS ARRIBA,NEUTRAL,COHERENTE,el estado transfirió en tiempo real y aquí tengo como un analizador precisamente de gestos y una parte un índice de coherencia este estoy utilizando el diccionario porque no me quiero meter la parte primero del interfaz y luego y lo metemos la parte de
20:49:21,MANOS ARRIBA,NEUTRAL,COHERENTE,el estado transfirió en tiempo real y aquí tengo como un analizador precisamente de gestos y una parte un índice de coherencia este estoy utilizando el diccionario porque no me quiero meter la parte primero del interfaz y luego y lo metemos la parte de
20:49:21,MANOS ARRIBA,NEUTRAL,COHERENTE,el estado transfirió en tiempo real y aquí tengo como un analizador precisamente de gestos y una parte un índice de coherencia este estoy utilizando el diccionario porque no me quiero meter la parte primero del interfaz y luego y lo metemos la parte de
20:49:21,MANOS ARRIBA,NEUTRAL,COHERENTE,el estado transfirió en tiempo real y aquí tengo como un analizador precisamente de gestos y una parte un índice de coherencia este estoy utilizando el diccionario porque no me quiero meter la parte primero del interfaz y luego y lo metemos la parte de
20:49:21,MANOS ARRIBA,NEUTRAL,COHERENTE,el estado transfirió en tiempo real y aquí tengo como un analizador precisamente de gestos y una parte un índice de coherencia este estoy utilizando el diccionario porque no me quiero meter la parte primero del interfaz y luego y lo metemos la parte de
20:49:21,NEUTRAL,NEUTRAL,COHERENTE,el estado transfirió en tiempo real y aquí tengo como un analizador precisamente de gestos y una parte un índice de coherencia este estoy utilizando el diccionario porque no me quiero meter la parte primero del interfaz y luego y lo metemos la parte de el
20:49:22,NEUTRAL,NEUTRAL,COHERENTE,el estado transfirió en tiempo real y aquí tengo como un analizador precisamente de gestos y una parte un índice de coherencia este estoy utilizando el diccionario porque no me quiero meter la parte primero del interfaz y luego y lo metemos la parte de el
20:49:22,NEUTRAL,NEUTRAL,COHERENTE,el estado transfirió en tiempo real y aquí tengo como un analizador precisamente de gestos y una parte un índice de coherencia este estoy utilizando el diccionario porque no me quiero meter la parte primero del interfaz y luego y lo metemos la parte de el
20:49:22,NEUTRAL,NEUTRAL,COHERENTE,el estado transfirió en tiempo real y aquí tengo como un analizador precisamente de gestos y una parte un índice de coherencia este estoy utilizando el diccionario porque no me quiero meter la parte primero del interfaz y luego y lo metemos la parte de el
20:49:22,NEUTRAL,NEUTRAL,COHERENTE,el estado transfirió en tiempo real y aquí tengo como un analizador precisamente de gestos y una parte un índice de coherencia este estoy utilizando el diccionario porque no me quiero meter la parte primero del interfaz y luego y lo metemos la parte de él
20:49:22,NEUTRAL,NEUTRAL,COHERENTE,el estado transfirió en tiempo real y aquí tengo como un analizador precisamente de gestos y una parte un índice de coherencia este estoy utilizando el diccionario porque no me quiero meter la parte primero del interfaz y luego y lo metemos la parte de él
20:49:22,NEUTRAL,NEUTRAL,COHERENTE,el estado transfirió en tiempo real y aquí tengo como un analizador precisamente de gestos y una parte un índice de coherencia este estoy utilizando el diccionario porque no me quiero meter la parte primero del interfaz y luego y lo metemos la parte de él
20:49:22,NEUTRAL,NEUTRAL,COHERENTE,el estado transfirió en tiempo real y aquí tengo como un analizador precisamente de gestos y una parte un índice de coherencia este estoy utilizando el diccionario porque no me quiero meter la parte primero del interfaz y luego y lo metemos la parte de él el
20:49:22,NEUTRAL,NEUTRAL,COHERENTE,el estado transfirió en tiempo real y aquí tengo como un analizador precisamente de gestos y una parte un índice de coherencia este estoy utilizando el diccionario porque no me quiero meter la parte primero del interfaz y luego y lo metemos la parte de él el
20:49:22,NEUTRAL,NEUTRAL,COHERENTE,el estado transfirió en tiempo real y aquí tengo como un analizador precisamente de gestos y una parte un índice de coherencia este estoy utilizando el diccionario porque no me quiero meter la parte primero del interfaz y luego y lo metemos la parte de él el
20:49:22,NEUTRAL,NEUTRAL,COHERENTE,el estado transfirió en tiempo real y aquí tengo como un analizador precisamente de gestos y una parte un índice de coherencia este estoy utilizando el diccionario porque no me quiero meter la parte primero del interfaz y luego y lo metemos la parte de él el
20:49:22,NEUTRAL,NEUTRAL,COHERENTE,el estado transfirió en tiempo real y aquí tengo como un analizador precisamente de gestos y una parte un índice de coherencia este estoy utilizando el diccionario porque no me quiero meter la parte primero del interfaz y luego y lo metemos la parte de él el modelo
20:49:22,NEUTRAL,NEUTRAL,COHERENTE,el estado transfirió en tiempo real y aquí tengo como un analizador precisamente de gestos y una parte un índice de coherencia este estoy utilizando el diccionario porque no me quiero meter la parte primero del interfaz y luego y lo metemos la parte de él el modelo
20:49:22,NEUTRAL,NEUTRAL,COHERENTE,el estado transfirió en tiempo real y aquí tengo como un analizador precisamente de gestos y una parte un índice de coherencia este estoy utilizando el diccionario porque no me quiero meter la parte primero del interfaz y luego y lo metemos la parte de él el modelo
20:49:22,NEUTRAL,NEUTRAL,COHERENTE,el estado transfirió en tiempo real y aquí tengo como un analizador precisamente de gestos y una parte un índice de coherencia este estoy utilizando el diccionario porque no me quiero meter la parte primero del interfaz y luego y lo metemos la parte de él el modelo
20:49:23,NEUTRAL,NEUTRAL,COHERENTE,el estado transfirió en tiempo real y aquí tengo como un analizador precisamente de gestos y una parte un índice de coherencia este estoy utilizando el diccionario porque no me quiero meter la parte primero del interfaz y luego y lo metemos la parte de él el modelo
20:49:23,NEUTRAL,NEUTRAL,COHERENTE,el estado transfirió en tiempo real y aquí tengo como un analizador precisamente de gestos y una parte un índice de coherencia este estoy utilizando el diccionario porque no me quiero meter la parte primero del interfaz y luego y lo metemos la parte de él el modelo
20:49:23,NEUTRAL,NEUTRAL,COHERENTE,el estado transfirió en tiempo real y aquí tengo como un analizador precisamente de gestos y una parte un índice de coherencia este estoy utilizando el diccionario porque no me quiero meter la parte primero del interfaz y luego y lo metemos la parte de él el modelo
20:49:23,NEUTRAL,NEUTRAL,COHERENTE,el estado transfirió en tiempo real y aquí tengo como un analizador precisamente de gestos y una parte un índice de coherencia este estoy utilizando el diccionario porque no me quiero meter la parte primero del interfaz y luego y lo metemos la parte de él el modelo
20:49:23,NEUTRAL,NEUTRAL,COHERENTE,el estado transfirió en tiempo real y aquí tengo como un analizador precisamente de gestos y una parte un índice de coherencia este estoy utilizando el diccionario porque no me quiero meter la parte primero del interfaz y luego y lo metemos la parte de él el modelo
20:49:23,NEUTRAL,NEUTRAL,COHERENTE,el estado transfirió en tiempo real y aquí tengo como un analizador precisamente de gestos y una parte un índice de coherencia este estoy utilizando el diccionario porque no me quiero meter la parte primero del interfaz y luego y lo metemos la parte de él el modelo
20:49:23,NEUTRAL,NEUTRAL,COHERENTE,el estado transfirió en tiempo real y aquí tengo como un analizador precisamente de gestos y una parte un índice de coherencia este estoy utilizando el diccionario porque no me quiero meter la parte primero del interfaz y luego y lo metemos la parte de él el modelo
20:49:23,NEUTRAL,NEUTRAL,COHERENTE,el estado transfirió en tiempo real y aquí tengo como un analizador precisamente de gestos y una parte un índice de coherencia este estoy utilizando el diccionario porque no me quiero meter la parte primero del interfaz y luego y lo metemos la parte de él el modelo
20:49:23,SONRIENDO,NEUTRAL,COHERENTE,el estado transfirió en tiempo real y aquí tengo como un analizador precisamente de gestos y una parte un índice de coherencia este estoy utilizando el diccionario porque no me quiero meter la parte primero del interfaz y luego y lo metemos la parte de él el modelo
20:49:23,SONRIENDO,NEUTRAL,COHERENTE,el estado transfirió en tiempo real y aquí tengo como un analizador precisamente de gestos y una parte un índice de coherencia este estoy utilizando el diccionario porque no me quiero meter la parte primero del interfaz y luego y lo metemos la parte de él el modelo
20:49:23,NEUTRAL,NEUTRAL,COHERENTE,el estado transfirió en tiempo real y aquí tengo como un analizador precisamente de gestos y una parte un índice de coherencia este estoy utilizando el diccionario porque no me quiero meter la parte primero del interfaz y luego y lo metemos la parte de él el modelo pero
20:49:23,NEUTRAL,NEUTRAL,COHERENTE,el estado transfirió en tiempo real y aquí tengo como un analizador precisamente de gestos y una parte un índice de coherencia este estoy utilizando el diccionario porque no me quiero meter la parte primero del interfaz y luego y lo metemos la parte de él el modelo pero
20:49:23,NEUTRAL,NEUTRAL,COHERENTE,el estado transfirió en tiempo real y aquí tengo como un analizador precisamente de gestos y una parte un índice de coherencia este estoy utilizando el diccionario porque no me quiero meter la parte primero del interfaz y luego y lo metemos la parte de él el modelo pero
20:49:23,NEUTRAL,NEUTRAL,COHERENTE,el estado transfirió en tiempo real y aquí tengo como un analizador precisamente de gestos y una parte un índice de coherencia este estoy utilizando el diccionario porque no me quiero meter la parte primero del interfaz y luego y lo metemos la parte de él el modelo pero
20:49:24,NEUTRAL,NEUTRAL,COHERENTE,el estado transfirió en tiempo real y aquí tengo como un analizador precisamente de gestos y una parte un índice de coherencia este estoy utilizando el diccionario porque no me quiero meter la parte primero del interfaz y luego y lo metemos la parte de él el modelo pero si es
20:49:24,HABLANDO,NEUTRAL,COHERENTE,el estado transfirió en tiempo real y aquí tengo como un analizador precisamente de gestos y una parte un índice de coherencia este estoy utilizando el diccionario porque no me quiero meter la parte primero del interfaz y luego y lo metemos la parte de él el modelo pero si es
20:49:24,NEUTRAL,NEUTRAL,COHERENTE,el estado transfirió en tiempo real y aquí tengo como un analizador precisamente de gestos y una parte un índice de coherencia este estoy utilizando el diccionario porque no me quiero meter la parte primero del interfaz y luego y lo metemos la parte de él el modelo pero si es
20:49:24,NEUTRAL,NEUTRAL,COHERENTE,el estado transfirió en tiempo real y aquí tengo como un analizador precisamente de gestos y una parte un índice de coherencia este estoy utilizando el diccionario porque no me quiero meter la parte primero del interfaz y luego y lo metemos la parte de él el modelo pero si es que yo
20:49:24,NEUTRAL,NEUTRAL,COHERENTE,el estado transfirió en tiempo real y aquí tengo como un analizador precisamente de gestos y una parte un índice de coherencia este estoy utilizando el diccionario porque no me quiero meter la parte primero del interfaz y luego y lo metemos la parte de él el modelo pero si es que yo
20:49:24,NEUTRAL,NEUTRAL,COHERENTE,el estado transfirió en tiempo real y aquí tengo como un analizador precisamente de gestos y una parte un índice de coherencia este estoy utilizando el diccionario porque no me quiero meter la parte primero del interfaz y luego y lo metemos la parte de él el modelo pero si es que yo
20:49:24,SONRIENDO,NEUTRAL,COHERENTE,el estado transfirió en tiempo real y aquí tengo como un analizador precisamente de gestos y una parte un índice de coherencia este estoy utilizando el diccionario porque no me quiero meter la parte primero del interfaz y luego y lo metemos la parte de él el modelo pero si es que yo
20:49:24,NEUTRAL,NEUTRAL,COHERENTE,el estado transfirió en tiempo real y aquí tengo como un analizador precisamente de gestos y una parte un índice de coherencia este estoy utilizando el diccionario porque no me quiero meter la parte primero del interfaz y luego y lo metemos la parte de él el modelo pero si es que yo digo algo
20:49:24,NEUTRAL,NEUTRAL,COHERENTE,el estado transfirió en tiempo real y aquí tengo como un analizador precisamente de gestos y una parte un índice de coherencia este estoy utilizando el diccionario porque no me quiero meter la parte primero del interfaz y luego y lo metemos la parte de él el modelo pero si es que yo digo algo
20:49:24,NEUTRAL,NEUTRAL,COHERENTE,el estado transfirió en tiempo real y aquí tengo como un analizador precisamente de gestos y una parte un índice de coherencia este estoy utilizando el diccionario porque no me quiero meter la parte primero del interfaz y luego y lo metemos la parte de él el modelo pero si es que yo digo algo
20:49:24,NEUTRAL,NEUTRAL,COHERENTE,el estado transfirió en tiempo real y aquí tengo como un analizador precisamente de gestos y una parte un índice de coherencia este estoy utilizando el diccionario porque no me quiero meter la parte primero del interfaz y luego y lo metemos la parte de él el modelo pero si es que yo digo algo
20:49:24,NEUTRAL,NEUTRAL,COHERENTE,el estado transfirió en tiempo real y aquí tengo como un analizador precisamente de gestos y una parte un índice de coherencia este estoy utilizando el diccionario porque no me quiero meter la parte primero del interfaz y luego y lo metemos la parte de él el modelo pero si es que yo digo algo
20:49:24,NEUTRAL,NEUTRAL,COHERENTE,el estado transfirió en tiempo real y aquí tengo como un analizador precisamente de gestos y una parte un índice de coherencia este estoy utilizando el diccionario porque no me quiero meter la parte primero del interfaz y luego y lo metemos la parte de él el modelo pero si es que yo digo algo
20:49:25,NEUTRAL,POSITIVO,COHERENTE,el estado transfirió en tiempo real y aquí tengo como un analizador precisamente de gestos y una parte un índice de coherencia este estoy utilizando el diccionario porque no me quiero meter la parte primero del interfaz y luego y lo metemos la parte de él el modelo pero si es que yo digo algo feliz
20:49:25,NEUTRAL,POSITIVO,COHERENTE,el estado transfirió en tiempo real y aquí tengo como un analizador precisamente de gestos y una parte un índice de coherencia este estoy utilizando el diccionario porque no me quiero meter la parte primero del interfaz y luego y lo metemos la parte de él el modelo pero si es que yo digo algo feliz
20:49:25,NEUTRAL,POSITIVO,COHERENTE,el estado transfirió en tiempo real y aquí tengo como un analizador precisamente de gestos y una parte un índice de coherencia este estoy utilizando el diccionario porque no me quiero meter la parte primero del interfaz y luego y lo metemos la parte de él el modelo pero si es que yo digo algo feliz
20:49:25,NEUTRAL,POSITIVO,COHERENTE,el estado transfirió en tiempo real y aquí tengo como un analizador precisamente de gestos y una parte un índice de coherencia este estoy utilizando el diccionario porque no me quiero meter la parte primero del interfaz y luego y lo metemos la parte de él el modelo pero si es que yo digo algo feliz
20:49:25,NEUTRAL,POSITIVO,COHERENTE,el estado transfirió en tiempo real y aquí tengo como un analizador precisamente de gestos y una parte un índice de coherencia este estoy utilizando el diccionario porque no me quiero meter la parte primero del interfaz y luego y lo metemos la parte de él el modelo pero si es que yo digo algo feliz
20:49:25,NEUTRAL,POSITIVO,COHERENTE,el estado transfirió en tiempo real y aquí tengo como un analizador precisamente de gestos y una parte un índice de coherencia este estoy utilizando el diccionario porque no me quiero meter la parte primero del interfaz y luego y lo metemos la parte de él el modelo pero si es que yo digo algo feliz
20:49:25,SONRIENDO,POSITIVO,COHERENTE,el estado transfirió en tiempo real y aquí tengo como un analizador precisamente de gestos y una parte un índice de coherencia este estoy utilizando el diccionario porque no me quiero meter la parte primero del interfaz y luego y lo metemos la parte de él el modelo pero si es que yo digo algo feliz
20:49:25,SONRIENDO,POSITIVO,COHERENTE,el estado transfirió en tiempo real y aquí tengo como un analizador precisamente de gestos y una parte un índice de coherencia este estoy utilizando el diccionario porque no me quiero meter la parte primero del interfaz y luego y lo metemos la parte de él el modelo pero si es que yo digo algo feliz
20:49:25,SONRIENDO,POSITIVO,COHERENTE,el estado transfirió en tiempo real y aquí tengo como un analizador precisamente de gestos y una parte un índice de coherencia este estoy utilizando el diccionario porque no me quiero meter la parte primero del interfaz y luego y lo metemos la parte de él el modelo pero si es que yo digo algo feliz
20:49:25,SONRIENDO,POSITIVO,COHERENTE,el estado transfirió en tiempo real y aquí tengo como un analizador precisamente de gestos y una parte un índice de coherencia este estoy utilizando el diccionario porque no me quiero meter la parte primero del interfaz y luego y lo metemos la parte de él el modelo pero si es que yo digo algo feliz
20:49:25,SONRIENDO,POSITIVO,COHERENTE,el estado transfirió en tiempo real y aquí tengo como un analizador precisamente de gestos y una parte un índice de coherencia este estoy utilizando el diccionario porque no me quiero meter la parte primero del interfaz y luego y lo metemos la parte de él el modelo pero si es que yo digo algo feliz
20:49:25,SONRIENDO,POSITIVO,COHERENTE,el estado transfirió en tiempo real y aquí tengo como un analizador precisamente de gestos y una parte un índice de coherencia este estoy utilizando el diccionario porque no me quiero meter la parte primero del interfaz y luego y lo metemos la parte de él el modelo pero si es que yo digo algo feliz
20:49:25,SONRIENDO,POSITIVO,COHERENTE,el estado transfirió en tiempo real y aquí tengo como un analizador precisamente de gestos y una parte un índice de coherencia este estoy utilizando el diccionario porque no me quiero meter la parte primero del interfaz y luego y lo metemos la parte de él el modelo pero si es que yo digo algo feliz
20:49:25,SONRIENDO,POSITIVO,COHERENTE,el estado transfirió en tiempo real y aquí tengo como un analizador precisamente de gestos y una parte un índice de coherencia este estoy utilizando el diccionario porque no me quiero meter la parte primero del interfaz y luego y lo metemos la parte de él el modelo pero si es que yo digo algo feliz
20:49:26,SONRIENDO,POSITIVO,COHERENTE,el estado transfirió en tiempo real y aquí tengo como un analizador precisamente de gestos y una parte un índice de coherencia este estoy utilizando el diccionario porque no me quiero meter la parte primero del interfaz y luego y lo metemos la parte de él el modelo pero si es que yo digo algo feliz
20:49:26,SONRIENDO,POSITIVO,COHERENTE,el estado transfirió en tiempo real y aquí tengo como una analizador precisamente de gestos y una parte un índice de coherencia este estoy utilizando el diccionario porque no le quiero mete la parte primero del interfaz y luego y lo con la parte de él el modelo pero si es que yo digo algo feliz
20:49:26,SONRIENDO,POSITIVO,COHERENTE,el estado transfirió en tiempo real y aquí tengo como una analizador precisamente de gestos y una parte un índice de coherencia este estoy utilizando el diccionario porque no le quiero mete la parte primero del interfaz y luego y lo con la parte de él el modelo pero si es que yo digo algo feliz
20:49:26,NEUTRAL,POSITIVO,COHERENTE,el estado transfirió en tiempo real y aquí tengo como una analizador precisamente de gestos y una parte un índice de coherencia este estoy utilizando el diccionario porque no le quiero mete la parte primero del interfaz y luego y lo con la parte de él el modelo pero si es que yo digo algo feliz
20:49:26,NEUTRAL,POSITIVO,COHERENTE,el estado transfirió en tiempo real y aquí tengo como una analizador precisamente de gestos y una parte un índice de coherencia este estoy utilizando el diccionario porque no le quiero mete la parte primero del interfaz y luego y lo con la parte de él el modelo pero si es que yo digo algo feliz
20:49:26,NEUTRAL,POSITIVO,COHERENTE,el estado transfirió en tiempo real y aquí tengo como una analizador precisamente de gestos y una parte un índice de coherencia este estoy utilizando el diccionario porque no le quiero mete la parte primero del interfaz y luego y lo con la parte de él el modelo pero si es que yo digo algo feliz
20:49:26,NEUTRAL,POSITIVO,COHERENTE,el estado transfirió en tiempo real y aquí tengo como una analizador precisamente de gestos y una parte un índice de coherencia este estoy utilizando el diccionario porque no le quiero mete la parte primero del interfaz y luego y lo con la parte de él el modelo pero si es que yo digo algo feliz
20:49:26,NEUTRAL,POSITIVO,COHERENTE,el estado transfirió en tiempo real y aquí tengo como una analizador precisamente de gestos y una parte un índice de coherencia este estoy utilizando el diccionario porque no le quiero mete la parte primero del interfaz y luego y lo con la parte de él el modelo pero si es que yo digo algo feliz
20:49:26,NEUTRAL,POSITIVO,COHERENTE,el estado transfirió en tiempo real y aquí tengo como una analizador precisamente de gestos y una parte un índice de coherencia este estoy utilizando el diccionario porque no le quiero mete la parte primero del interfaz y luego y lo con la parte de él el modelo pero si es que yo digo algo feliz
20:49:26,NEUTRAL,POSITIVO,COHERENTE,el estado transfirió en tiempo real y aquí tengo como una analizador precisamente de gestos y una parte un índice de coherencia este estoy utilizando el diccionario porque no le quiero mete la parte primero del interfaz y luego y lo con la parte de él el modelo pero si es que yo digo algo feliz
20:49:26,NEUTRAL,POSITIVO,COHERENTE,el estado transfirió en tiempo real y aquí tengo como una analizador precisamente de gestos y una parte un índice de coherencia este estoy utilizando el diccionario porque no le quiero mete la parte primero del interfaz y luego y lo con la parte de él el modelo pero si es que yo digo algo feliz
20:49:26,NEUTRAL,POSITIVO,COHERENTE,el estado transfirió en tiempo real y aquí tengo como una analizador precisamente de gestos y una parte un índice de coherencia este estoy utilizando el diccionario porque no le quiero mete la parte primero del interfaz y luego y lo con la parte de él el modelo pero si es que yo digo algo feliz
20:49:26,NEUTRAL,POSITIVO,COHERENTE,el estado transfirió en tiempo real y aquí tengo como una analizador precisamente de gestos y una parte un índice de coherencia este estoy utilizando el diccionario porque no le quiero mete la parte primero del interfaz y luego y lo con la parte de él el modelo pero si es que yo digo algo feliz
20:49:26,NEUTRAL,POSITIVO,COHERENTE,el estado transfirió en tiempo real y aquí tengo como una analizador precisamente de gestos y una parte un índice de coherencia este estoy utilizando el diccionario porque no le quiero mete la parte primero del interfaz y luego y lo con la parte de él el modelo pero si es que yo digo algo feliz
20:49:26,NEUTRAL,POSITIVO,COHERENTE,el estado transfirió en tiempo real y aquí tengo como una analizador precisamente de gestos y una parte un índice de coherencia este estoy utilizando el diccionario porque no le quiero mete la parte primero del interfaz y luego y lo con la parte de él el modelo pero si es que yo digo algo feliz
20:49:27,NEUTRAL,POSITIVO,COHERENTE,el estado transfirió en tiempo real y aquí tengo como una analizador precisamente de gestos y una parte un índice de coherencia este estoy utilizando el diccionario porque no le quiero mete la parte primero del interfaz y luego y lo con la parte de él el modelo pero si es que yo digo algo feliz
20:49:27,NEUTRAL,NEUTRAL,COHERENTE,pero
20:49:27,NEUTRAL,NEUTRAL,COHERENTE,pero
20:49:27,NEUTRAL,NEUTRAL,COHERENTE,pero digo
20:49:27,NEUTRAL,NEUTRAL,COHERENTE,pero digo
20:49:27,NEUTRAL,NEUTRAL,COHERENTE,pero digo
20:49:27,NEUTRAL,NEUTRAL,COHERENTE,pero digo
20:49:27,NEUTRAL,NEUTRAL,COHERENTE,pero digo
20:49:27,NEUTRAL,NEUTRAL,COHERENTE,pero digo un
20:49:28,NEUTRAL,NEUTRAL,COHERENTE,pero digo un
20:49:28,NEUTRAL,NEUTRAL,COHERENTE,pero digo un
20:49:28,NEUTRAL,NEUTRAL,COHERENTE,pero digo un
20:49:28,HABLANDO,NEUTRAL,COHERENTE,pero digo un o una
20:49:28,NEUTRAL,NEUTRAL,COHERENTE,pero digo un o una
20:49:28,NEUTRAL,NEUTRAL,COHERENTE,pero digo un o una
20:49:28,MANOS ARRIBA,NEUTRAL,COHERENTE,pero digo un o una
20:49:29,SONRIENDO,NEUTRAL,COHERENTE,pero digo un o una
20:49:29,SONRIENDO,NEUTRAL,COHERENTE,pero digo un o una
20:49:29,MANOS ARRIBA,NEUTRAL,COHERENTE,pero digo un o una
20:49:29,MANOS ARRIBA,NEUTRAL,COHERENTE,pero digo un o una
20:49:29,MANOS ARRIBA,NEUTRAL,COHERENTE,pero digo un o una
20:49:29,MANOS ARRIBA,NEUTRAL,COHERENTE,pero digo un o una
20:49:29,NEUTRAL,NEUTRAL,COHERENTE,pero digo un o una
20:49:29,NEUTRAL,NEUTRAL,COHERENTE,pero digo un o una incoherencia
20:49:29,NEUTRAL,NEUTRAL,COHERENTE,pero digo un o una incoherencia
20:49:29,NEUTRAL,NEUTRAL,COHERENTE,pero digo un o una incoherencia
20:49:29,NEUTRAL,NEUTRAL,COHERENTE,pero digo un o una incoherencia
20:49:29,NEUTRAL,NEUTRAL,COHERENTE,pero digo un o una incoherencia
20:49:30,SONRIENDO,NEUTRAL,COHERENTE,pero digo un o una incoherencia
20:49:30,NEUTRAL,NEUTRAL,COHERENTE,pero digo un o una incoherencia
20:49:30,NEUTRAL,NEUTRAL,COHERENTE,pero digo un o una incoherencia
20:49:30,SONRIENDO,NEUTRAL,COHERENTE,pero digo un o una incoherencia
20:49:30,NEUTRAL,NEUTRAL,COHERENTE,pero digo un o una incoherencia
20:49:30,SONRIENDO,NEUTRAL,COHERENTE,pero digo un o una incoherencia
20:49:30,NEUTRAL,NEUTRAL,COHERENTE,pero digo un o una incoherencia
20:49:30,NEUTRAL,NEUTRAL,COHERENTE,pero digo un o una incoherencia
20:49:30,NEUTRAL,NEUTRAL,COHERENTE,pero digo un o una incoherencia
20:49:30,NEUTRAL,NEUTRAL,COHERENTE,pero digo un o una incoherencia
20:49:30,NEUTRAL,NEUTRAL,COHERENTE,pero digo un o una incoherencia
20:49:30,NEUTRAL,NEUTRAL,COHERENTE,pero digo un o una incoherencia
20:49:31,NEUTRAL,NEUTRAL,COHERENTE,pero digo un o una incoherencia
20:49:31,NEUTRAL,NEUTRAL,COHERENTE,pero digo un o una incoherencia
20:49:31,NEUTRAL,NEUTRAL,COHERENTE,por ejemplo
20:49:31,NEUTRAL,NEUTRAL,COHERENTE,por ejemplo
20:49:31,SONRIENDO,NEUTRAL,COHERENTE,por ejemplo
20:49:31,SONRIENDO,NEUTRAL,COHERENTE,por ejemplo
20:49:31,SONRIENDO,NEUTRAL,COHERENTE,por ejemplo
20:49:31,SONRIENDO,NEUTRAL,COHERENTE,por ejemplo
20:49:31,SONRIENDO,NEUTRAL,COHERENTE,por ejemplo
20:49:31,SONRIENDO,NEUTRAL,COHERENTE,por ejemplo
20:49:31,SONRIENDO,NEUTRAL,COHERENTE,por ejemplo
20:49:31,SONRIENDO,NEUTRAL,COHERENTE,por ejemplo
20:49:31,SONRIENDO,NEUTRAL,COHERENTE,por ejemplo
20:49:31,SONRIENDO,NEUTRAL,COHERENTE,por ejemplo
20:49:31,SONRIENDO,NEUTRAL,COHERENTE,por ejemplo
20:49:32,SONRIENDO,NEUTRAL,COHERENTE,por ejemplo
20:49:32,SONRIENDO,NEUTRAL,COHERENTE,por ejemplo
20:49:32,SONRIENDO,NEUTRAL,COHERENTE,por ejemplo
20:49:33,SONRIENDO,NEUTRAL,COHERENTE,que
20:49:33,SONRIENDO,NEUTRAL,COHERENTE,qué triste
20:49:33,SONRIENDO,NEUTRAL,COHERENTE,que tristeza y
20:49:34,SONRIENDO,NEUTRAL,COHERENTE,que tristeza el día de
20:49:34,SONRIENDO,NEUTRAL,COHERENTE,que tristeza el día de hoy
20:49:35,SONRIENDO,NEUTRAL,COHERENTE,que tristeza el día de hoy
20:49:35,SONRIENDO,NEUTRAL,COHERENTE,que tristeza el día de hoy
20:49:35,SONRIENDO,NEUTRAL,COHERENTE,que tristeza el día de hoy
20:49:36,SONRIENDO,NEUTRAL,COHERENTE,que tristeza el día de hoy
20:49:36,NEUTRAL,NEUTRAL,COHERENTE,que tristeza el día de hoy
20:49:36,SONRIENDO,NEUTRAL,COHERENTE,no
20:49:37,SONRIENDO,NEUTRAL,COHERENTE,no me detecta
20:49:37,SONRIENDO,NEUTRAL,COHERENTE,no me detecta
20:49:37,SONRIENDO,NEUTRAL,COHERENTE,no me detecta
20:49:37,SONRIENDO,NEUTRAL,COHERENTE,no me detecta
20:49:37,SONRIENDO,NEUTRAL,COHERENTE,no me detecta
20:49:37,SONRIENDO,NEUTRAL,COHERENTE,no me detecta
20:49:37,SONRIENDO,NEUTRAL,COHERENTE,no me detecta
20:49:37,SONRIENDO,NEUTRAL,COHERENTE,no me detecta
20:49:37,SONRIENDO,NEUTRAL,COHERENTE,no me detecta
20:49:37,SONRIENDO,NEUTRAL,COHERENTE,no me detecta
20:49:37,SONRIENDO,NEUTRAL,COHERENTE,no me detecta
20:49:37,SONRIENDO,NEUTRAL,COHERENTE,no me detecta
20:49:37,SONRIENDO,NEUTRAL,COHERENTE,no me detecta
20:49:37,SONRIENDO,NEUTRAL,COHERENTE,no me detecta
20:49:38,SONRIENDO,NEUTRAL,COHERENTE,no me detecta
20:49:38,SONRIENDO,NEUTRAL,COHERENTE,no me detecta
20:49:38,SONRIENDO,NEUTRAL,COHERENTE,no me detecta
20:49:38,SONRIENDO,NEUTRAL,COHERENTE,no me detecta
20:49:38,SONRIENDO,NEUTRAL,COHERENTE,no me detecta
20:49:38,SONRIENDO,NEUTRAL,COHERENTE,no me detecta
20:49:38,SONRIENDO,NEUTRAL,COHERENTE,no me detecta
20:49:38,SONRIENDO,NEUTRAL,COHERENTE,no me detecta
20:49:38,SONRIENDO,NEUTRAL,COHERENTE,no me detecta
20:49:38,SONRIENDO,NEUTRAL,COHERENTE,no me detecta
20:49:38,SONRIENDO,NEUTRAL,COHERENTE,no me detecta
20:49:38,SONRIENDO,NEUTRAL,COHERENTE,no me detecta
20:49:38,SONRIENDO,NEUTRAL,COHERENTE,qué
20:49:38,NEUTRAL,NEUTRAL,COHERENTE,qué
20:49:38,NEUTRAL,NEUTRAL,COHERENTE,qué
20:49:39,NEUTRAL,NEUTRAL,COHERENTE,qué
20:49:39,SONRIENDO,NEGATIVO,INCONGRUENTE,qué triste
20:49:39,SONRIENDO,NEGATIVO,INCONGRUENTE,qué triste
20:49:39,SONRIENDO,NEGATIVO,INCONGRUENTE,qué triste
20:49:39,SONRIENDO,NEGATIVO,INCONGRUENTE,qué triste
20:49:39,HABLANDO,NEGATIVO,COHERENTE,qué triste
20:49:39,HABLANDO,NEGATIVO,COHERENTE,qué triste
20:49:39,SONRIENDO,NEGATIVO,INCONGRUENTE,qué triste
20:49:39,NEUTRAL,NEGATIVO,COHERENTE,qué triste
20:49:39,NEUTRAL,NEGATIVO,COHERENTE,qué triste fue el
20:49:39,SONRIENDO,NEGATIVO,INCONGRUENTE,qué triste fue el
20:49:39,NEUTRAL,NEGATIVO,COHERENTE,qué triste fue el
20:49:39,SONRIENDO,NEGATIVO,INCONGRUENTE,qué triste fue el
20:49:39,SONRIENDO,NEGATIVO,INCONGRUENTE,qué triste fue el día de hoy
20:49:39,SONRIENDO,NEGATIVO,INCONGRUENTE,qué triste fue el día de hoy
20:49:39,SONRIENDO,NEGATIVO,INCONGRUENTE,qué triste fue el día de hoy
20:49:40,SONRIENDO,NEGATIVO,INCONGRUENTE,qué triste fue el día de hoy
20:49:40,SONRIENDO,NEGATIVO,INCONGRUENTE,qué triste fue el día de hoy
20:49:40,SONRIENDO,NEGATIVO,INCONGRUENTE,qué triste fue el día de hoy
20:49:40,SONRIENDO,NEGATIVO,INCONGRUENTE,qué triste fue el día de hoy
20:49:40,SONRIENDO,NEGATIVO,INCONGRUENTE,qué triste fue el día de hoy
20:49:40,SONRIENDO,NEGATIVO,INCONGRUENTE,qué triste fue el día de hoy
20:49:40,SONRIENDO,NEGATIVO,INCONGRUENTE,qué triste fue el día de hoy
20:49:40,SONRIENDO,NEGATIVO,INCONGRUENTE,qué triste fue el día de hoy
20:49:40,SONRIENDO,NEGATIVO,INCONGRUENTE,qué triste fue el día de hoy
20:49:40,SONRIENDO,NEGATIVO,INCONGRUENTE,qué triste fue el día de hoy
20:49:40,SONRIENDO,NEGATIVO,INCONGRUENTE,qué triste fue el día de hoy
20:49:40,SONRIENDO,NEGATIVO,INCONGRUENTE,qué triste fue el día de hoy
20:49:40,NEUTRAL,NEGATIVO,COHERENTE,qué triste fue el día de hoy
20:49:40,NEUTRAL,NEGATIVO,COHERENTE,qué triste fue el día de hoy entonces
20:49:40,SONRIENDO,NEGATIVO,INCONGRUENTE,qué triste fue el día de hoy entonces
20:49:41,SONRIENDO,NEGATIVO,INCONGRUENTE,qué triste fue el día de hoy entonces
20:49:41,SONRIENDO,NEGATIVO,INCONGRUENTE,qué triste fue el día de hoy entonces
20:49:41,SONRIENDO,NEGATIVO,INCONGRUENTE,qué triste fue el día de hoy entonces
20:49:41,SONRIENDO,NEGATIVO,INCONGRUENTE,qué triste fue el día de hoy entonces hay
20:49:41,NEUTRAL,NEGATIVO,COHERENTE,qué triste fue el día de hoy entonces hay
20:49:41,NEUTRAL,NEGATIVO,COHERENTE,qué triste fue el día de hoy entonces hay
20:49:41,NEUTRAL,NEGATIVO,COHERENTE,qué triste fue el día de hoy entonces jaime
20:49:41,NEUTRAL,NEGATIVO,COHERENTE,qué triste fue el día de hoy entonces jaime
20:49:41,NEUTRAL,NEGATIVO,COHERENTE,qué triste fue el día de hoy entonces jaime
20:49:41,NEUTRAL,NEGATIVO,COHERENTE,qué triste fue el día de hoy entonces jaime
20:49:41,NEUTRAL,NEGATIVO,COHERENTE,qué triste fue el día de hoy entonces jaime genera un
20:49:41,NEUTRAL,NEGATIVO,COHERENTE,qué triste fue el día de hoy entonces jaime genera un
20:49:41,NEUTRAL,NEGATIVO,COHERENTE,qué triste fue el día de hoy entonces jaime genera un
20:49:41,SONRIENDO,NEGATIVO,INCONGRUENTE,qué triste fue el día de hoy entonces jaime genera un
20:49:41,SONRIENDO,NEGATIVO,INCONGRUENTE,qué triste fue el día de hoy entonces jaime genera un
20:49:42,NEUTRAL,NEGATIVO,COHERENTE,qué triste fue el día de hoy entonces jaime genera un
20:49:42,NEUTRAL,NEGATIVO,COHERENTE,qué triste fue el día de hoy entonces jaime genera un
20:49:42,NEUTRAL,NEGATIVO,COHERENTE,qué triste fue el día de hoy entonces jaime genera un
20:49:42,HABLANDO,NEGATIVO,COHERENTE,qué triste fue el día de hoy entonces jaime genera un
20:49:42,HABLANDO,NEGATIVO,COHERENTE,qué triste fue el día de hoy entonces jaime genera un
20:49:42,HABLANDO,NEGATIVO,COHERENTE,qué triste fue el día de hoy entonces jaime genera un
20:49:42,HABLANDO,NEGATIVO,COHERENTE,qué triste fue el día de hoy entonces jaime genera un incongruencia
20:49:42,SONRIENDO,NEGATIVO,INCONGRUENTE,qué triste fue el día de hoy entonces jaime genera un incongruencia
20:49:42,NEUTRAL,NEGATIVO,COHERENTE,qué triste fue el día de hoy entonces jaime genera un incongruencia una
20:49:42,NEUTRAL,NEGATIVO,COHERENTE,qué triste fue el día de hoy entonces jaime genera un incongruencia una
20:49:43,NEUTRAL,NEGATIVO,COHERENTE,qué triste fue el día de hoy entonces jaime genera un incongruencia una alerta
20:49:43,NEUTRAL,NEGATIVO,COHERENTE,qué triste fue el día de hoy entonces jaime genera un incongruencia una alerta
20:49:43,NEUTRAL,NEGATIVO,COHERENTE,qué triste fue el día de hoy entonces jaime genera un incongruencia una alerta lincoln
20:49:43,NEUTRAL,NEGATIVO,COHERENTE,qué triste fue el día de hoy entonces jaime genera un incongruencia una alerta lincoln
20:49:43,NEUTRAL,NEGATIVO,COHERENTE,qué triste fue el día de hoy entonces jaime genera un incongruencia una alerta al
20:49:43,NEUTRAL,NEGATIVO,COHERENTE,qué triste fue el día de hoy entonces jaime genera un incongruencia una alerta al
20:49:43,NEUTRAL,NEGATIVO,COHERENTE,qué triste fue el día de hoy entonces jaime genera un incongruencia una alerta al incongruencia
20:49:43,MANOS ARRIBA,NEGATIVO,COHERENTE,qué triste fue el día de hoy entonces jaime genera un incongruencia una alerta al incongruencia
20:49:44,MANOS ARRIBA,NEGATIVO,COHERENTE,qué triste fue el día de hoy entonces jaime genera un incongruencia una alerta al incongruencia
20:49:44,MANOS ARRIBA,NEGATIVO,COHERENTE,qué triste fue el día de hoy entonces jaime genera un incongruencia una alerta al incongruencia
20:49:44,MANOS ARRIBA,NEGATIVO,COHERENTE,qué triste fue el día de hoy entonces jaime genera un incongruencia una alerta al incongruencia entre
20:49:44,MANOS ARRIBA,NEGATIVO,COHERENTE,qué triste fue el día de hoy entonces jaime genera un incongruencia una alerta al incongruencia entre
20:49:44,MANOS ARRIBA,NEGATIVO,COHERENTE,qué triste fue el día de hoy entonces jaime genera un incongruencia una alerta al incongruencia entre
20:49:44,MANOS ARRIBA,NEGATIVO,COHERENTE,qué triste fue el día de hoy entonces jaime genera un incongruencia una alerta al incongruencia
20:49:44,MANOS ARRIBA,NEGATIVO,COHERENTE,qué triste fue el día de hoy entonces jaime genera un incongruencia una alerta al incongruencia
20:49:44,MANOS ARRIBA,NEGATIVO,COHERENTE,qué triste fue el día de hoy entonces jaime genera un incongruencia una alerta al incongruencia
20:49:44,MANOS ARRIBA,NEGATIVO,COHERENTE,qué triste fue el día de hoy entonces jaime genera un incongruencia una alerta al incongruencia entonces ya
20:49:44,MANOS ARRIBA,NEGATIVO,COHERENTE,qué triste fue el día de hoy entonces jaime genera un incongruencia una alerta al incongruencia entonces ya
20:49:44,MANOS ARRIBA,NEGATIVO,COHERENTE,qué triste fue el día de hoy entonces jaime genera un incongruencia una alerta al incongruencia entonces ya
20:49:45,MANOS ARRIBA,NEGATIVO,COHERENTE,qué triste fue el día de hoy entonces jaime genera un incongruencia una alerta al incongruencia entonces ya pues
20:49:45,MANOS ARRIBA,NEGATIVO,COHERENTE,qué triste fue el día de hoy entonces jaime genera un incongruencia una alerta al incongruencia entonces ya pues
20:49:45,MANOS ARRIBA,NEGATIVO,COHERENTE,qué triste fue el día de hoy entonces jaime genera un incongruencia una alerta al incongruencia entonces ya pues
20:49:45,MANOS ARRIBA,NEGATIVO,COHERENTE,qué triste fue el día de hoy entonces jaime genera un incongruencia una alerta al incongruencia entonces ya pues con esa
20:49:45,MANOS ARRIBA,NEGATIVO,COHERENTE,qué triste fue el día de hoy entonces jaime genera un incongruencia una alerta al incongruencia entonces ya pues con esa
20:49:45,MANOS ARRIBA,NEGATIVO,COHERENTE,qué triste fue el día de hoy entonces jaime genera un incongruencia una alerta al incongruencia entonces ya pues con esa
20:49:45,MANOS ARRIBA,NEGATIVO,COHERENTE,qué triste fue el día de hoy entonces jaime genera un incongruencia una alerta al incongruencia entonces ya pues con esa
20:49:45,MANOS ARRIBA,NEGATIVO,COHERENTE,qué triste fue el día de hoy entonces jaime genera un incongruencia una alerta al incongruencia entonces ya pues con esa en
20:49:45,MANOS ARRIBA,NEGATIVO,COHERENTE,qué triste fue el día de hoy entonces jaime genera un incongruencia una alerta al incongruencia entonces ya pues con esa en
20:49:45,MANOS ARRIBA,NEGATIVO,COHERENTE,qué triste fue el día de hoy entonces jaime genera un incongruencia una alerta al incongruencia entonces ya pues con esa analizamos
20:49:45,MANOS ARRIBA,NEGATIVO,COHERENTE,qué triste fue el día de hoy entonces jaime genera un incongruencia una alerta al incongruencia entonces ya pues con esa analizamos
20:49:45,NEUTRAL,NEGATIVO,COHERENTE,qué triste fue el día de hoy entonces jaime genera un incongruencia una alerta al incongruencia entonces ya pues con esa analizamos
20:49:45,MANOS ARRIBA,NEGATIVO,COHERENTE,qué triste fue el día de hoy entonces jaime genera un incongruencia una alerta al incongruencia entonces ya pues con esa analizamos
20:49:46,MANOS ARRIBA,NEGATIVO,COHERENTE,qué triste fue el día de hoy entonces jaime genera un incongruencia una alerta al incongruencia entonces ya pues con esa analizamos la
20:49:46,NEUTRAL,NEGATIVO,COHERENTE,qué triste fue el día de hoy entonces jaime genera un incongruencia una alerta al incongruencia entonces ya pues con esa analizamos la
20:49:46,NEUTRAL,NEGATIVO,COHERENTE,qué triste fue el día de hoy entonces jaime genera un incongruencia una alerta al incongruencia entonces ya pues con esa analizamos la
20:49:46,NEUTRAL,NEGATIVO,COHERENTE,qué triste fue el día de hoy entonces jaime genera un incongruencia una alerta al incongruencia entonces ya pues con esa analizamos la parte de
20:49:46,NEUTRAL,NEGATIVO,COHERENTE,qué triste fue el día de hoy entonces jaime genera un incongruencia una alerta al incongruencia entonces ya pues con esa analizamos la parte de
20:49:46,NEUTRAL,NEGATIVO,COHERENTE,qué triste fue el día de hoy entonces jaime genera un incongruencia una alerta al incongruencia entonces ya pues con esa analizamos la parte de
20:49:46,NEUTRAL,NEGATIVO,COHERENTE,qué triste fue el día de hoy entonces jaime genera un incongruencia una alerta al incongruencia entonces ya pues con esa analizamos la parte de
20:49:46,NEUTRAL,NEGATIVO,COHERENTE,qué triste fue el día de hoy entonces jaime genera un incongruencia una alerta al incongruencia entonces ya pues con esa analizamos la parte de
20:49:46,NEUTRAL,NEGATIVO,COHERENTE,qué triste fue el día de hoy entonces jaime genera un incongruencia una alerta al incongruencia entonces ya pues con esa analizamos la parte de
20:49:46,MANOS ARRIBA,NEGATIVO,COHERENTE,qué triste fue el día de hoy entonces jaime genera un incongruencia una alerta al incongruencia entonces ya pues con esa analizamos la parte de
20:49:46,NEUTRAL,NEGATIVO,COHERENTE,qué triste fue el día de hoy entonces jaime genera un incongruencia una alerta al incongruencia entonces ya pues con esa analizamos la parte de
20:49:46,NEUTRAL,NEGATIVO,COHERENTE,qué triste fue el día de hoy entonces jaime genera un incongruencia una alerta al incongruencia entonces ya pues con esa analizamos la parte de guión
20:49:46,NEUTRAL,NEGATIVO,COHERENTE,qué triste fue el día de hoy entonces jaime genera un incongruencia una alerta al incongruencia entonces ya pues con esa analizamos la parte de guión
20:49:46,NEUTRAL,NEGATIVO,COHERENTE,qué triste fue el día de hoy entonces jaime genera un incongruencia una alerta al incongruencia entonces ya pues con esa analizamos la parte de guión
20:49:47,NEUTRAL,NEGATIVO,COHERENTE,qué triste fue el día de hoy entonces jaime genera un incongruencia una alerta al incongruencia entonces ya pues con esa analizamos la parte de guión
20:49:47,NEUTRAL,NEGATIVO,COHERENTE,qué triste fue el día de hoy entonces jaime genera un incongruencia una alerta al incongruencia entonces ya pues con esa analizamos la parte de guión
20:49:47,NEUTRAL,NEGATIVO,COHERENTE,qué triste fue el día de hoy entonces jaime genera un incongruencia una alerta al incongruencia entonces ya pues con esa analizamos la parte de guión pero además
20:49:48,MANOS ARRIBA,NEGATIVO,COHERENTE,qué triste fue el día de hoy entonces jaime genera un incongruencia una alerta al incongruencia entonces ya pues con esa analizamos la parte de guión pero atención por
20:49:48,MANOS ARRIBA,NEGATIVO,COHERENTE,qué triste fue el día de hoy entonces jaime genera un incongruencia una alerta al incongruencia entonces ya pues con esa analizamos la parte de guión pero atención por
20:49:48,MANOS ARRIBA,NEGATIVO,COHERENTE,qué triste fue el día de hoy entonces jaime genera un incongruencia una alerta al incongruencia entonces ya pues con esa analizamos la parte de guión pero atención por real
20:49:49,MANOS ARRIBA,NEGATIVO,COHERENTE,qué triste fue el día de hoy entonces jaime genera un incongruencia una alerta al incongruencia entonces ya pues con esa analizamos la parte de guión pero atención por real
20:49:49,SONRIENDO,NEGATIVO,INCONGRUENTE,qué triste fue el día de hoy entonces jaime genera un incongruencia una alerta al incongruencia entonces ya pues con esa analizamos la parte de guión pero atención por reales
20:49:50,NEUTRAL,NEGATIVO,COHERENTE,qué triste fue el día de hoy entonces jaime genera un incongruencia una alerta al incongruencia entonces ya pues con esa analizamos la parte de guión pero atención por reales
20:49:50,NEUTRAL,NEGATIVO,COHERENTE,qué triste fue el día de hoy entonces jaime genera un incongruencia una alerta al incongruencia entonces ya pues con esa analizamos la parte de guión pero atención por reales
20:49:50,NEUTRAL,NEGATIVO,COHERENTE,qué triste fue el día de hoy entonces jaime genera un incongruencia una alerta al incongruencia entonces ya pues con esa analizamos la parte de guión pero atención por reales
20:49:51,NEUTRAL,NEGATIVO,COHERENTE,qué triste fue el día de hoy entonces jaime genera un incongruencia una alerta al incongruencia entonces ya pues con esa analizamos la parte de guión pero atención por reales
20:49:51,NEUTRAL,NEGATIVO,COHERENTE,qué triste fue el día de hoy entonces jaime genera un incongruencia una alerta al incongruencia entonces ya pues con esa analizamos la parte de guión pero atención por reales
20:49:51,NEUTRAL,NEGATIVO,COHERENTE,qué triste fue el día de hoy entonces jaime genera un incongruencia una alerta al incongruencia entonces ya pues con esa analizamos la parte de guión pero atención por reales
